probeset_id	n_AA	n_AB	n_BB	n_NC	batch_name
AFFX-SP-000001	36	33	22	0	b000
AFFX-SP-000002	35	35	21	0	b000
AFFX-SP-000003	19	43	29	0	b000
AFFX-SP-000004	30	46	15	0	b000
AFFX-SP-000005	31	45	15	0	b000
AFFX-SP-000006	35	39	17	0	b000
AFFX-SP-000007	52	31	7	1	b000
AFFX-SP-000008	30	46	14	1	b000
AFFX-SP-000009	24	39	28	0	b000
AFFX-SP-000010	22	51	18	0	b000
AFFX-SP-000011	25	48	18	0	b000
AFFX-SP-000012	9	46	36	0	b000
AFFX-SP-000013	26	43	22	0	b000
AFFX-SP-000014	30	39	22	0	b000
AFFX-SP-000015	11	41	39	0	b000
AFFX-SP-000016	20	45	26	0	b000
AFFX-SP-000017	37	37	11	6	b000
AFFX-SP-000018	32	48	11	0	b000
AFFX-SP-000019	14	33	44	0	b000
AFFX-SP-000020	29	42	20	0	b000
AFFX-SP-000021	28	41	22	0	b000
AFFX-SP-000022	38	42	8	3	b000
AFFX-SP-000023	14	42	35	0	b000
AFFX-SP-000024	19	50	22	0	b000
AFFX-SP-000025	13	44	34	0	b000
AFFX-SP-000026	29	43	19	0	b000
AFFX-SP-000027	3	44	44	0	b000
AFFX-SP-000028	40	36	15	0	b000
AFFX-SP-000029	18	45	28	0	b000
AFFX-SP-000030	16	41	34	0	b000
AFFX-SP-000031	18	53	20	0	b000
AFFX-SP-000032	22	44	24	1	b000
AFFX-SP-000033	32	41	18	0	b000
AFFX-SP-000034	15	38	38	0	b000
AFFX-SP-000035	17	43	31	0	b000
AFFX-SP-000036	30	41	19	1	b000
AFFX-SP-000037	28	42	21	0	b000
AFFX-SP-000038	19	45	27	0	b000
AFFX-SP-000039	18	48	25	0	b000
AFFX-SP-000040	36	44	11	0	b000
AFFX-SP-000041	38	42	11	0	b000
AFFX-SP-000042	32	45	14	0	b000
AFFX-SP-000043	41	35	15	0	b000
AFFX-SP-000044	29	49	13	0	b000
AFFX-SP-000045	33	47	11	0	b000
AFFX-SP-000046	23	42	26	0	b000
AFFX-SP-000047	25	49	17	0	b000
AFFX-SP-000048	14	55	22	0	b000
AFFX-SP-000049	33	48	10	0	b000
AFFX-SP-000050	26	51	11	3	b000
AFFX-SP-000051	14	37	40	0	b000
AFFX-SP-000052	41	39	8	3	b000
AFFX-SP-000053	12	47	32	0	b000
AFFX-SP-000054	26	56	9	0	b000
AFFX-SP-000055	10	46	35	0	b000
AFFX-SP-000056	39	38	14	0	b000
AFFX-SP-000057	25	43	23	0	b000
AFFX-SP-000058	21	45	25	0	b000
AFFX-SP-000059	9	54	28	0	b000
AFFX-SP-000060	18	50	23	0	b000
AFFX-SP-000061	24	48	19	0	b000
AFFX-SP-000062	37	51	3	0	b000
AFFX-SP-000063	29	37	25	0	b000
AFFX-SP-000064	25	44	22	0	b000
AFFX-SP-000065	11	49	31	0	b000
AFFX-SP-000066	30	46	15	0	b000
AFFX-SP-000067	35	43	13	0	b000
AFFX-SP-000068	23	44	24	0	b000
AFFX-SP-000069	25	55	11	0	b000
AFFX-SP-000070	36	42	13	0	b000
AFFX-SP-000071	50	33	8	0	b000
AFFX-SP-000072	12	55	24	0	b000
AFFX-SP-000073	31	36	24	0	b000
AFFX-SP-000074	34	42	15	0	b000
AFFX-SP-000075	59	26	6	0	b000
AFFX-SP-000076	8	51	32	0	b000
AFFX-SP-000077	21	47	23	0	b000
AFFX-SP-000078	21	39	31	0	b000
AFFX-SP-000079	43	37	11	0	b000
AFFX-SP-000080	31	43	17	0	b000
AFFX-SP-000081	44	44	3	0	b000
AFFX-SP-000082	29	45	17	0	b000
AFFX-SP-000083	42	39	10	0	b000
AX-100002858	52	30	2	7	b000
AX-100003084	16	57	18	0	b000
AX-100003154	48	37	6	0	b000
AX-100003350	27	49	15	0	b000
AX-100003359	12	46	31	2	b000
AX-100003653	77	13	1	0	b000
AX-100003889	37	39	15	0	b000
AX-100004211	83	6	2	0	b000
AX-100004309	91	0	0	0	b000
AX-100004481	25	26	13	0	b000
AX-100004775	4	17	69	1	b000
AX-100006966	1	14	74	2	b000
AX-100007195	3	15	70	3	b000
AX-100007392	4	17	70	0	b000
AX-100007507	5	34	51	1	b000
AX-100007598	54	34	3	0	b000
AX-100007701	3	21	45	22	b000
AFFX-SP-000001	35	41	19	0	b001
AFFX-SP-000002	40	41	14	0	b001
AFFX-SP-000003	19	49	27	0	b001
AFFX-SP-000004	29	48	18	0	b001
AFFX-SP-000005	42	42	11	0	b001
AFFX-SP-000006	33	51	11	0	b001
AFFX-SP-000007	35	50	10	0	b001
AFFX-SP-000008	28	53	12	2	b001
AFFX-SP-000009	14	48	33	0	b001
AFFX-SP-000010	25	54	16	0	b001
AFFX-SP-000011	32	47	15	1	b001
AFFX-SP-000012	19	47	29	0	b001
AFFX-SP-000013	15	49	31	0	b001
AFFX-SP-000014	29	48	18	0	b001
AFFX-SP-000015	13	43	39	0	b001
AFFX-SP-000016	13	49	33	0	b001
AFFX-SP-000017	35	48	11	1	b001
AFFX-SP-000018	45	35	15	0	b001
AFFX-SP-000019	6	34	55	0	b001
AFFX-SP-000020	35	44	16	0	b001
AFFX-SP-000021	31	43	21	0	b001
AFFX-SP-000022	41	41	13	0	b001
AFFX-SP-000023	16	50	29	0	b001
AFFX-SP-000024	25	47	23	0	b001
AFFX-SP-000025	10	50	35	0	b001
AFFX-SP-000026	42	34	19	0	b001
AFFX-SP-000027	9	32	54	0	b001
AFFX-SP-000028	36	45	14	0	b001
AFFX-SP-000029	17	47	31	0	b001
AFFX-SP-000030	11	43	41	0	b001
AFFX-SP-000031	19	55	21	0	b001
AFFX-SP-000032	22	42	31	0	b001
AFFX-SP-000033	39	37	19	0	b001
AFFX-SP-000034	18	40	37	0	b001
AFFX-SP-000035	18	48	29	0	b001
AFFX-SP-000036	34	47	13	1	b001
AFFX-SP-000037	34	42	19	0	b001
AFFX-SP-000038	17	49	29	0	b001
AFFX-SP-000039	30	45	20	0	b001
AFFX-SP-000040	32	47	16	0	b001
AFFX-SP-000041	33	50	12	0	b001
AFFX-SP-000042	31	45	19	0	b001
AFFX-SP-000043	30	49	16	0	b001
AFFX-SP-000044	33	45	17	0	b001
AFFX-SP-000045	34	42	19	0	b001
AFFX-SP-000046	23	47	25	0	b001
AFFX-SP-000047	22	44	29	0	b001
AFFX-SP-000048	17	46	32	0	b001
AFFX-SP-000049	41	40	14	0	b001
AFFX-SP-000050	24	38	32	1	b001
AFFX-SP-000051	7	51	37	0	b001
AFFX-SP-000052	50	40	5	0	b001
AFFX-SP-000053	16	44	35	0	b001
AFFX-SP-000054	30	41	24	0	b001
AFFX-SP-000055	15	44	36	0	b001
AFFX-SP-000056	34	46	15	0	b001
AFFX-SP-000057	20	44	31	0	b001
AFFX-SP-000058	17	52	26	0	b001
AFFX-SP-000059	10	35	50	0	b001
AFFX-SP-000060	24	47	24	0	b001
AFFX-SP-000061	20	44	31	0	b001
AFFX-SP-000062	33	43	19	0	b001
AFFX-SP-000063	17	54	23	1	b001
AFFX-SP-000064	33	44	18	0	b001
AFFX-SP-000065	20	37	37	1	b001
AFFX-SP-000066	13	59	23	0	b001
AFFX-SP-000067	38	41	16	0	b001
AFFX-SP-000068	22	55	18	0	b001
AFFX-SP-000069	26	52	17	0	b001
AFFX-SP-000070	37	46	11	1	b001
AFFX-SP-000071	42	45	8	0	b001
AFFX-SP-000072	17	42	36	0	b001
AFFX-SP-000073	34	39	22	0	b001
AFFX-SP-000074	53	32	10	0	b001
AFFX-SP-000075	48	38	9	0	b001
AFFX-SP-000076	12	42	41	0	b001
AFFX-SP-000077	25	54	16	0	b001
AFFX-SP-000078	21	49	25	0	b001
AFFX-SP-000079	39	40	16	0	b001
AFFX-SP-000080	23	60	12	0	b001
AFFX-SP-000081	36	46	13	0	b001
AFFX-SP-000082	24	47	24	0	b001
AFFX-SP-000083	47	42	6	0	b001
AX-100002858	60	28	4	3	b001
AX-100003084	17	46	32	0	b001
AX-100003154	56	36	3	0	b001
AX-100003350	21	56	18	0	b001
AX-100003359	15	40	40	0	b001
AX-100003653	75	17	3	0	b001
AX-100003889	32	49	14	0	b001
AX-100004211	82	12	1	0	b001
AX-100004309	93	1	0	1	b001
AX-100004481	16	31	11	0	b001
AX-100004775	2	33	60	0	b001
AX-100006966	0	17	76	2	b001
AX-100007195	0	15	80	0	b001
AX-100007392	3	31	61	0	b001
AX-100007507	3	34	58	0	b001
AX-100007598	61	31	3	0	b001
AX-100007701	3	25	44	23	b001
AFFX-SP-000001	22	58	15	0	b003
AFFX-SP-000002	28	46	21	0	b003
AFFX-SP-000003	23	47	25	0	b003
AFFX-SP-000004	28	52	15	0	b003
AFFX-SP-000005	35	46	14	0	b003
AFFX-SP-000006	33	51	11	0	b003
AFFX-SP-000007	39	43	13	0	b003
AFFX-SP-000008	38	39	16	2	b003
AFFX-SP-000009	18	41	36	0	b003
AFFX-SP-000010	26	55	14	0	b003
AFFX-SP-000011	24	60	11	0	b003
AFFX-SP-000012	21	48	26	0	b003
AFFX-SP-000013	13	44	38	0	b003
AFFX-SP-000014	26	53	16	0	b003
AFFX-SP-000015	14	49	32	0	b003
AFFX-SP-000016	12	44	39	0	b003
AFFX-SP-000017	49	35	10	1	b003
AFFX-SP-000018	41	40	14	0	b003
AFFX-SP-000019	11	42	42	0	b003
AFFX-SP-000020	29	42	24	0	b003
AFFX-SP-000021	29	48	18	0	b003
AFFX-SP-000022	44	40	10	1	b003
AFFX-SP-000023	15	44	36	0	b003
AFFX-SP-000024	21	52	21	1	b003
AFFX-SP-000025	13	54	28	0	b003
AFFX-SP-000026	34	42	19	0	b003
AFFX-SP-000027	4	34	57	0	b003
AFFX-SP-000028	37	47	11	0	b003
AFFX-SP-000029	19	45	31	0	b003
AFFX-SP-000030	10	54	31	0	b003
AFFX-SP-000031	20	47	28	0	b003
AFFX-SP-000032	15	47	33	0	b003
AFFX-SP-000033	22	48	25	0	b003
AFFX-SP-000034	10	43	42	0	b003
AFFX-SP-000035	11	54	30	0	b003
AFFX-SP-000036	37	42	16	0	b003
AFFX-SP-000037	28	47	20	0	b003
AFFX-SP-000038	24	40	31	0	b003
AFFX-SP-000039	31	47	16	1	b003
AFFX-SP-000040	37	35	23	0	b003
AFFX-SP-000041	42	41	12	0	b003
AFFX-SP-000042	29	44	22	0	b003
AFFX-SP-000043	39	42	14	0	b003
AFFX-SP-000044	27	50	18	0	b003
AFFX-SP-000045	24	53	18	0	b003
AFFX-SP-000046	25	44	26	0	b003
AFFX-SP-000047	17	50	28	0	b003
AFFX-SP-000048	24	41	30	0	b003
AFFX-SP-000049	44	42	9	0	b003
AFFX-SP-000050	26	45	24	0	b003
AFFX-SP-000051	13	41	41	0	b003
AFFX-SP-000052	45	40	8	2	b003
AFFX-SP-000053	10	45	40	0	b003
AFFX-SP-000054	39	41	15	0	b003
AFFX-SP-000055	12	52	31	0	b003
AFFX-SP-000056	38	46	11	0	b003
AFFX-SP-000057	31	47	17	0	b003
AFFX-SP-000058	25	47	23	0	b003
AFFX-SP-000059	7	39	49	0	b003
AFFX-SP-000060	20	51	24	0	b003
AFFX-SP-000061	25	46	24	0	b003
AFFX-SP-000062	25	48	22	0	b003
AFFX-SP-000063	28	45	22	0	b003
AFFX-SP-000064	23	52	20	0	b003
AFFX-SP-000065	10	40	45	0	b003
AFFX-SP-000066	22	41	32	0	b003
AFFX-SP-000067	38	41	16	0	b003
AFFX-SP-000068	16	43	36	0	b003
AFFX-SP-000069	29	52	14	0	b003
AFFX-SP-000070	32	42	21	0	b003
AFFX-SP-000071	51	32	12	0	b003
AFFX-SP-000072	18	49	28	0	b003
AFFX-SP-000073	24	53	18	0	b003
AFFX-SP-000074	37	46	12	0	b003
AFFX-SP-000075	54	35	5	1	b003
AFFX-SP-000076	23	38	34	0	b003
AFFX-SP-000077	34	45	16	0	b003
AFFX-SP-000078	16	58	21	0	b003
AFFX-SP-000079	49	36	10	0	b003
AFFX-SP-000080	29	47	19	0	b003
AFFX-SP-000081	40	41	14	0	b003
AFFX-SP-000082	34	42	19	0	b003
AFFX-SP-000083	59	32	4	0	b003
AX-100002858	59	29	2	5	b003
AX-100003084	17	43	35	0	b003
AX-100003154	47	41	7	0	b003
AX-100003350	26	51	18	0	b003
AX-100003359	14	40	40	1	b003
AX-100003653	74	16	5	0	b003
AX-100003889	36	42	16	1	b003
AX-100004211	79	15	0	1	b003
AX-100004309	95	0	0	0	b003
AX-100004481	21	33	11	1	b003
AX-100004775	1	31	63	0	b003
AX-100006966	0	10	85	0	b003
AX-100007195	2	22	70	1	b003
AX-100007392	2	32	61	0	b003
AX-100007507	4	36	55	0	b003
AX-100007598	60	29	6	0	b003
AX-100007701	3	33	47	12	b003
AFFX-SP-000001	30	47	16	2	b002
AFFX-SP-000002	28	43	24	0	b002
AFFX-SP-000003	21	52	22	0	b002
AFFX-SP-000004	25	52	18	0	b002
AFFX-SP-000005	44	38	13	0	b002
AFFX-SP-000006	36	45	14	0	b002
AFFX-SP-000007	39	46	10	0	b002
AFFX-SP-000008	25	38	25	7	b002
AFFX-SP-000009	13	50	32	0	b002
AFFX-SP-000010	24	50	21	0	b002
AFFX-SP-000011	33	44	18	0	b002
AFFX-SP-000012	19	46	30	0	b002
AFFX-SP-000013	20	45	29	1	b002
AFFX-SP-000014	35	44	16	0	b002
AFFX-SP-000015	14	48	33	0	b002
AFFX-SP-000016	10	43	42	0	b002
AFFX-SP-000017	39	40	9	7	b002
AFFX-SP-000018	38	39	18	0	b002
AFFX-SP-000019	7	50	38	0	b002
AFFX-SP-000020	33	40	22	0	b002
AFFX-SP-000021	28	42	25	0	b002
AFFX-SP-000022	40	43	12	0	b002
AFFX-SP-000023	23	44	28	0	b002
AFFX-SP-000024	27	44	24	0	b002
AFFX-SP-000025	16	44	35	0	b002
AFFX-SP-000026	35	45	15	0	b002
AFFX-SP-000027	4	32	59	0	b002
AFFX-SP-000028	41	45	9	0	b002
AFFX-SP-000029	16	46	33	0	b002
AFFX-SP-000030	9	46	40	0	b002
AFFX-SP-000031	15	50	30	0	b002
AFFX-SP-000032	26	39	30	0	b002
AFFX-SP-000033	27	50	18	0	b002
AFFX-SP-000034	10	39	46	0	b002
AFFX-SP-000035	15	52	28	0	b002
AFFX-SP-000036	37	45	12	1	b002
AFFX-SP-000037	27	49	19	0	b002
AFFX-SP-000038	15	50	30	0	b002
AFFX-SP-000039	27	42	25	1	b002
AFFX-SP-000040	31	45	19	0	b002
AFFX-SP-000041	31	50	14	0	b002
AFFX-SP-000042	35	42	18	0	b002
AFFX-SP-000043	35	45	15	0	b002
AFFX-SP-000044	28	44	23	0	b002
AFFX-SP-000045	36	51	8	0	b002
AFFX-SP-000046	21	50	24	0	b002
AFFX-SP-000047	28	47	20	0	b002
AFFX-SP-000048	19	39	37	0	b002
AFFX-SP-000049	33	46	15	1	b002
AFFX-SP-000050	21	47	26	1	b002
AFFX-SP-000051	7	36	52	0	b002
AFFX-SP-000052	53	31	9	2	b002
AFFX-SP-000053	8	39	48	0	b002
AFFX-SP-000054	28	46	21	0	b002
AFFX-SP-000055	16	45	34	0	b002
AFFX-SP-000056	36	47	12	0	b002
AFFX-SP-000057	22	48	25	0	b002
AFFX-SP-000058	20	55	20	0	b002
AFFX-SP-000059	13	37	45	0	b002
AFFX-SP-000060	24	51	20	0	b002
AFFX-SP-000061	28	52	15	0	b002
AFFX-SP-000062	25	46	24	0	b002
AFFX-SP-000063	20	45	30	0	b002
AFFX-SP-000064	31	51	13	0	b002
AFFX-SP-000065	19	44	31	1	b002
AFFX-SP-000066	19	47	29	0	b002
AFFX-SP-000067	41	40	14	0	b002
AFFX-SP-000068	22	44	28	1	b002
AFFX-SP-000069	29	52	14	0	b002
AFFX-SP-000070	33	44	18	0	b002
AFFX-SP-000071	47	42	6	0	b002
AFFX-SP-000072	23	38	34	0	b002
AFFX-SP-000073	26	50	19	0	b002
AFFX-SP-000074	37	49	9	0	b002
AFFX-SP-000075	52	32	11	0	b002
AFFX-SP-000076	13	46	36	0	b002
AFFX-SP-000077	17	53	25	0	b002
AFFX-SP-000078	22	38	35	0	b002
AFFX-SP-000079	46	42	7	0	b002
AFFX-SP-000080	29	47	19	0	b002
AFFX-SP-000081	49	39	6	1	b002
AFFX-SP-000082	27	50	18	0	b002
AFFX-SP-000083	42	42	11	0	b002
AX-100002858	64	23	6	2	b002
AX-100003084	19	46	30	0	b002
AX-100003154	62	28	5	0	b002
AX-100003350	34	49	11	1	b002
AX-100003359	12	42	40	1	b002
AX-100003653	78	17	0	0	b002
AX-100003889	34	49	12	0	b002
AX-100004211	80	15	0	0	b002
AX-100004309	94	1	0	0	b002
AX-100004481	16	30	19	0	b002
AX-100004775	5	30	59	1	b002
AX-100006966	1	12	79	3	b002
AX-100007195	0	20	74	1	b002
AX-100007392	1	15	79	0	b002
AX-100007507	9	30	56	0	b002
AX-100007598	55	31	9	0	b002
AX-100007701	4	20	57	14	b002
AFFX-SP-000001	38	41	15	0	b010
AFFX-SP-000002	26	52	16	0	b010
AFFX-SP-000003	26	38	29	1	b010
AFFX-SP-000004	22	53	19	0	b010
AFFX-SP-000005	34	43	17	0	b010
AFFX-SP-000006	39	38	17	0	b010
AFFX-SP-000007	49	36	9	0	b010
AFFX-SP-000008	32	41	17	4	b010
AFFX-SP-000009	17	36	41	0	b010
AFFX-SP-000010	28	54	12	0	b010
AFFX-SP-000011	27	48	19	0	b010
AFFX-SP-000012	12	41	41	0	b010
AFFX-SP-000013	21	42	31	0	b010
AFFX-SP-000014	32	49	13	0	b010
AFFX-SP-000015	12	44	37	1	b010
AFFX-SP-000016	20	49	25	0	b010
AFFX-SP-000017	38	44	10	2	b010
AFFX-SP-000018	44	41	9	0	b010
AFFX-SP-000019	6	39	48	1	b010
AFFX-SP-000020	26	48	20	0	b010
AFFX-SP-000021	29	47	18	0	b010
AFFX-SP-000022	38	44	12	0	b010
AFFX-SP-000023	25	46	23	0	b010
AFFX-SP-000024	27	50	17	0	b010
AFFX-SP-000025	16	52	26	0	b010
AFFX-SP-000026	46	35	13	0	b010
AFFX-SP-000027	4	36	54	0	b010
AFFX-SP-000028	42	42	10	0	b010
AFFX-SP-000029	17	57	20	0	b010
AFFX-SP-000030	14	37	42	1	b010
AFFX-SP-000031	15	55	23	1	b010
AFFX-SP-000032	17	48	29	0	b010
AFFX-SP-000033	26	46	22	0	b010
AFFX-SP-000034	11	47	36	0	b010
AFFX-SP-000035	13	46	35	0	b010
AFFX-SP-000036	30	49	15	0	b010
AFFX-SP-000037	26	53	15	0	b010
AFFX-SP-000038	20	47	27	0	b010
AFFX-SP-000039	30	43	20	1	b010
AFFX-SP-000040	26	51	17	0	b010
AFFX-SP-000041	35	43	15	1	b010
AFFX-SP-000042	33	49	12	0	b010
AFFX-SP-000043	38	38	18	0	b010
AFFX-SP-000044	35	40	19	0	b010
AFFX-SP-000045	29	52	13	0	b010
AFFX-SP-000046	18	48	28	0	b010
AFFX-SP-000047	29	42	23	0	b010
AFFX-SP-000048	16	46	32	0	b010
AFFX-SP-000049	29	49	16	0	b010
AFFX-SP-000050	26	44	24	0	b010
AFFX-SP-000051	6	35	53	0	b010
AFFX-SP-000052	43	41	7	3	b010
AFFX-SP-000053	9	51	34	0	b010
AFFX-SP-000054	33	39	22	0	b010
AFFX-SP-000055	17	39	38	0	b010
AFFX-SP-000056	28	46	20	0	b010
AFFX-SP-000057	23	48	23	0	b010
AFFX-SP-000058	25	40	29	0	b010
AFFX-SP-000059	10	35	49	0	b010
AFFX-SP-000060	32	46	16	0	b010
AFFX-SP-000061	24	34	36	0	b010
AFFX-SP-000062	28	42	24	0	b010
AFFX-SP-000063	24	56	14	0	b010
AFFX-SP-000064	27	48	19	0	b010
AFFX-SP-000065	11	39	44	0	b010
AFFX-SP-000066	13	60	21	0	b010
AFFX-SP-000067	30	45	19	0	b010
AFFX-SP-000068	14	47	33	0	b010
AFFX-SP-000069	22	53	19	0	b010
AFFX-SP-000070	26	51	15	2	b010
AFFX-SP-000071	48	35	11	0	b010
AFFX-SP-000072	24	44	26	0	b010
AFFX-SP-000073	41	33	20	0	b010
AFFX-SP-000074	49	34	11	0	b010
AFFX-SP-000075	49	34	11	0	b010
AFFX-SP-000076	14	52	28	0	b010
AFFX-SP-000077	14	47	33	0	b010
AFFX-SP-000078	23	45	26	0	b010
AFFX-SP-000079	38	43	13	0	b010
AFFX-SP-000080	23	47	24	0	b010
AFFX-SP-000081	36	47	11	0	b010
AFFX-SP-000082	23	46	25	0	b010
AFFX-SP-000083	42	39	13	0	b010
AX-100002858	66	26	2	0	b010
AX-100003084	20	42	32	0	b010
AX-100003154	50	33	11	0	b010
AX-100003350	32	43	19	0	b010
AX-100003359	12	38	43	1	b010
AX-100003653	75	17	2	0	b010
AX-100003889	43	38	13	0	b010
AX-100004211	82	12	0	0	b010
AX-100004309	72	12	0	10	b010
AX-100004481	21	36	10	0	b010
AX-100004775	2	25	67	0	b010
AX-100006966	2	17	71	4	b010
AX-100007195	0	14	77	3	b010
AX-100007392	2	31	61	0	b010
AX-100007507	10	32	52	0	b010
AX-100007598	61	28	5	0	b010
AX-100007701	2	21	51	20	b010
AFFX-SP-000001	25	35	17	0	b020
AFFX-SP-000002	34	36	7	0	b020
AFFX-SP-000003	12	45	19	1	b020
AFFX-SP-000004	24	36	17	0	b020
AFFX-SP-000005	30	40	7	0	b020
AFFX-SP-000006	22	36	19	0	b020
AFFX-SP-000007	34	39	4	0	b020
AFFX-SP-000008	16	34	17	10	b020
AFFX-SP-000009	14	35	28	0	b020
AFFX-SP-000010	26	39	12	0	b020
AFFX-SP-000011	20	44	13	0	b020
AFFX-SP-000012	12	28	37	0	b020
AFFX-SP-000013	21	36	20	0	b020
AFFX-SP-000014	19	35	23	0	b020
AFFX-SP-000015	14	34	29	0	b020
AFFX-SP-000016	10	33	34	0	b020
AFFX-SP-000017	32	42	2	1	b020
AFFX-SP-000018	31	35	11	0	b020
AFFX-SP-000019	7	35	35	0	b020
AFFX-SP-000020	29	37	11	0	b020
AFFX-SP-000021	16	46	14	1	b020
AFFX-SP-000022	30	38	9	0	b020
AFFX-SP-000023	12	32	32	1	b020
AFFX-SP-000024	20	35	22	0	b020
AFFX-SP-000025	14	40	23	0	b020
AFFX-SP-000026	33	33	11	0	b020
AFFX-SP-000027	6	27	44	0	b020
AFFX-SP-000028	28	41	8	0	b020
AFFX-SP-000029	16	39	22	0	b020
AFFX-SP-000030	8	35	33	1	b020
AFFX-SP-000031	18	37	22	0	b020
AFFX-SP-000032	20	37	20	0	b020
AFFX-SP-000033	23	44	10	0	b020
AFFX-SP-000034	8	35	34	0	b020
AFFX-SP-000035	7	31	39	0	b020
AFFX-SP-000036	24	39	14	0	b020
AFFX-SP-000037	27	41	9	0	b020
AFFX-SP-000038	14	42	21	0	b020
AFFX-SP-000039	16	49	12	0	b020
AFFX-SP-000040	27	36	14	0	b020
AFFX-SP-000041	39	28	10	0	b020
AFFX-SP-000042	25	39	13	0	b020
AFFX-SP-000043	25	34	18	0	b020
AFFX-SP-000044	27	38	12	0	b020
AFFX-SP-000045	25	41	11	0	b020
AFFX-SP-000046	23	35	19	0	b020
AFFX-SP-000047	24	25	28	0	b020
AFFX-SP-000048	14	36	27	0	b020
AFFX-SP-000049	31	35	11	0	b020
AFFX-SP-000050	18	46	11	2	b020
AFFX-SP-000051	8	37	32	0	b020
AFFX-SP-000052	33	38	5	1	b020
AFFX-SP-000053	7	29	41	0	b020
AFFX-SP-000054	24	44	9	0	b020
AFFX-SP-000055	13	34	30	0	b020
AFFX-SP-000056	27	41	9	0	b020
AFFX-SP-000057	23	42	12	0	b020
AFFX-SP-000058	20	35	22	0	b020
AFFX-SP-000059	10	30	37	0	b020
AFFX-SP-000060	15	50	12	0	b020
AFFX-SP-000061	15	35	27	0	b020
AFFX-SP-000062	20	44	13	0	b020
AFFX-SP-000063	19	35	23	0	b020
AFFX-SP-000064	20	44	13	0	b020
AFFX-SP-000065	16	37	24	0	b020
AFFX-SP-000066	20	37	18	2	b020
AFFX-SP-000067	25	41	11	0	b020
AFFX-SP-000068	20	38	19	0	b020
AFFX-SP-000069	20	37	20	0	b020
AFFX-SP-000070	24	41	12	0	b020
AFFX-SP-000071	44	29	4	0	b020
AFFX-SP-000072	10	41	26	0	b020
AFFX-SP-000073	21	37	19	0	b020
AFFX-SP-000074	39	32	6	0	b020
AFFX-SP-000075	39	36	2	0	b020
AFFX-SP-000076	10	36	31	0	b020
AFFX-SP-000077	19	41	17	0	b020
AFFX-SP-000078	7	44	26	0	b020
AFFX-SP-000079	27	38	12	0	b020
AFFX-SP-000080	20	42	15	0	b020
AFFX-SP-000081	43	26	8	0	b020
AFFX-SP-000082	19	43	15	0	b020
AFFX-SP-000083	34	36	7	0	b020
AX-100002858	44	19	6	8	b020
AX-100003084	13	36	28	0	b020
AX-100003154	45	26	2	4	b020
AX-100003350	22	41	14	0	b020
AX-100003359	7	33	37	0	b020
AX-100003653	66	11	0	0	b020
AX-100003889	37	25	15	0	b020
AX-100004211	72	5	0	0	b020
AX-100004309	36	31	0	10	b020
AX-100004481	20	19	11	0	b020
AX-100004775	1	21	55	0	b020
AX-100006966	0	9	66	2	b020
AX-100007195	1	14	56	6	b020
AX-100007392	3	16	58	0	b020
AX-100007507	4	24	49	0	b020
AX-100007598	40	31	6	0	b020
AX-100007701	0	4	13	60	b020
AFFX-SP-000001	35	43	16	0	b008
AFFX-SP-000002	32	46	16	0	b008
AFFX-SP-000003	24	49	21	0	b008
AFFX-SP-000004	23	48	23	0	b008
AFFX-SP-000005	29	46	19	0	b008
AFFX-SP-000006	42	41	11	0	b008
AFFX-SP-000007	41	46	7	0	b008
AFFX-SP-000008	24	45	23	2	b008
AFFX-SP-000009	18	44	32	0	b008
AFFX-SP-000010	27	45	22	0	b008
AFFX-SP-000011	28	47	19	0	b008
AFFX-SP-000012	17	41	36	0	b008
AFFX-SP-000013	29	41	24	0	b008
AFFX-SP-000014	38	45	11	0	b008
AFFX-SP-000015	20	41	33	0	b008
AFFX-SP-000016	14	40	40	0	b008
AFFX-SP-000017	39	39	12	4	b008
AFFX-SP-000018	24	53	17	0	b008
AFFX-SP-000019	9	37	48	0	b008
AFFX-SP-000020	34	44	15	1	b008
AFFX-SP-000021	21	43	30	0	b008
AFFX-SP-000022	40	43	10	1	b008
AFFX-SP-000023	16	50	28	0	b008
AFFX-SP-000024	25	40	29	0	b008
AFFX-SP-000025	18	50	25	1	b008
AFFX-SP-000026	37	37	20	0	b008
AFFX-SP-000027	10	35	49	0	b008
AFFX-SP-000028	45	37	12	0	b008
AFFX-SP-000029	25	48	21	0	b008
AFFX-SP-000030	14	36	44	0	b008
AFFX-SP-000031	12	59	23	0	b008
AFFX-SP-000032	25	36	33	0	b008
AFFX-SP-000033	25	54	15	0	b008
AFFX-SP-000034	11	46	37	0	b008
AFFX-SP-000035	16	38	40	0	b008
AFFX-SP-000036	40	37	17	0	b008
AFFX-SP-000037	25	50	19	0	b008
AFFX-SP-000038	18	43	33	0	b008
AFFX-SP-000039	33	43	16	2	b008
AFFX-SP-000040	35	43	16	0	b008
AFFX-SP-000041	41	39	14	0	b008
AFFX-SP-000042	36	40	18	0	b008
AFFX-SP-000043	41	40	13	0	b008
AFFX-SP-000044	31	42	21	0	b008
AFFX-SP-000045	36	45	13	0	b008
AFFX-SP-000046	21	41	32	0	b008
AFFX-SP-000047	21	44	29	0	b008
AFFX-SP-000048	20	43	31	0	b008
AFFX-SP-000049	34	40	20	0	b008
AFFX-SP-000050	26	39	27	2	b008
AFFX-SP-000051	13	31	50	0	b008
AFFX-SP-000052	41	40	9	4	b008
AFFX-SP-000053	5	44	45	0	b008
AFFX-SP-000054	26	51	17	0	b008
AFFX-SP-000055	16	49	29	0	b008
AFFX-SP-000056	33	47	14	0	b008
AFFX-SP-000057	20	47	27	0	b008
AFFX-SP-000058	22	33	39	0	b008
AFFX-SP-000059	6	47	41	0	b008
AFFX-SP-000060	30	43	21	0	b008
AFFX-SP-000061	33	39	22	0	b008
AFFX-SP-000062	35	36	23	0	b008
AFFX-SP-000063	15	54	25	0	b008
AFFX-SP-000064	29	49	16	0	b008
AFFX-SP-000065	14	53	26	1	b008
AFFX-SP-000066	21	50	23	0	b008
AFFX-SP-000067	36	45	13	0	b008
AFFX-SP-000068	16	49	29	0	b008
AFFX-SP-000069	33	49	12	0	b008
AFFX-SP-000070	26	49	17	2	b008
AFFX-SP-000071	54	35	5	0	b008
AFFX-SP-000072	17	50	27	0	b008
AFFX-SP-000073	33	48	13	0	b008
AFFX-SP-000074	49	40	5	0	b008
AFFX-SP-000075	54	34	6	0	b008
AFFX-SP-000076	17	39	38	0	b008
AFFX-SP-000077	17	58	19	0	b008
AFFX-SP-000078	16	51	27	0	b008
AFFX-SP-000079	40	43	11	0	b008
AFFX-SP-000080	24	55	15	0	b008
AFFX-SP-000081	45	36	13	0	b008
AFFX-SP-000082	31	46	17	0	b008
AFFX-SP-000083	46	43	5	0	b008
AX-100002858	54	32	3	5	b008
AX-100003084	17	42	35	0	b008
AX-100003154	66	27	1	0	b008
AX-100003350	36	43	15	0	b008
AX-100003359	8	44	42	0	b008
AX-100003653	79	13	2	0	b008
AX-100003889	40	42	11	1	b008
AX-100004211	82	11	1	0	b008
AX-100004309	71	12	0	11	b008
AX-100004481	22	36	13	0	b008
AX-100004775	3	26	65	0	b008
AX-100006966	0	18	76	0	b008
AX-100007195	3	17	70	4	b008
AX-100007392	2	22	70	0	b008
AX-100007507	2	36	56	0	b008
AX-100007598	56	31	7	0	b008
AX-100007701	3	27	52	12	b008
AFFX-SP-000001	28	48	12	0	b022
AFFX-SP-000002	30	40	18	0	b022
AFFX-SP-000003	13	41	34	0	b022
AFFX-SP-000004	32	41	15	0	b022
AFFX-SP-000005	31	44	13	0	b022
AFFX-SP-000006	29	48	11	0	b022
AFFX-SP-000007	32	42	14	0	b022
AFFX-SP-000008	22	50	12	4	b022
AFFX-SP-000009	4	48	36	0	b022
AFFX-SP-000010	24	40	24	0	b022
AFFX-SP-000011	27	48	13	0	b022
AFFX-SP-000012	18	40	30	0	b022
AFFX-SP-000013	19	45	24	0	b022
AFFX-SP-000014	25	45	18	0	b022
AFFX-SP-000015	14	44	30	0	b022
AFFX-SP-000016	9	53	26	0	b022
AFFX-SP-000017	32	44	10	2	b022
AFFX-SP-000018	36	42	10	0	b022
AFFX-SP-000019	7	39	42	0	b022
AFFX-SP-000020	26	44	18	0	b022
AFFX-SP-000021	24	43	20	1	b022
AFFX-SP-000022	43	39	6	0	b022
AFFX-SP-000023	12	52	24	0	b022
AFFX-SP-000024	21	49	17	1	b022
AFFX-SP-000025	17	39	30	2	b022
AFFX-SP-000026	34	40	14	0	b022
AFFX-SP-000027	7	36	45	0	b022
AFFX-SP-000028	31	40	17	0	b022
AFFX-SP-000029	20	38	30	0	b022
AFFX-SP-000030	5	46	36	1	b022
AFFX-SP-000031	26	39	23	0	b022
AFFX-SP-000032	20	47	20	1	b022
AFFX-SP-000033	28	47	13	0	b022
AFFX-SP-000034	5	42	41	0	b022
AFFX-SP-000035	23	44	20	1	b022
AFFX-SP-000036	26	50	11	1	b022
AFFX-SP-000037	25	48	15	0	b022
AFFX-SP-000038	7	46	35	0	b022
AFFX-SP-000039	28	43	17	0	b022
AFFX-SP-000040	31	45	12	0	b022
AFFX-SP-000041	26	48	14	0	b022
AFFX-SP-000042	32	33	23	0	b022
AFFX-SP-000043	27	49	12	0	b022
AFFX-SP-000044	33	41	13	1	b022
AFFX-SP-000045	33	41	14	0	b022
AFFX-SP-000046	13	47	28	0	b022
AFFX-SP-000047	23	41	24	0	b022
AFFX-SP-000048	18	39	31	0	b022
AFFX-SP-000049	35	39	14	0	b022
AFFX-SP-000050	18	45	22	3	b022
AFFX-SP-000051	7	36	45	0	b022
AFFX-SP-000052	44	31	6	7	b022
AFFX-SP-000053	14	41	33	0	b022
AFFX-SP-000054	27	50	11	0	b022
AFFX-SP-000055	9	45	34	0	b022
AFFX-SP-000056	37	33	18	0	b022
AFFX-SP-000057	20	51	17	0	b022
AFFX-SP-000058	17	41	30	0	b022
AFFX-SP-000059	5	39	44	0	b022
AFFX-SP-000060	25	37	26	0	b022
AFFX-SP-000061	20	48	20	0	b022
AFFX-SP-000062	31	42	15	0	b022
AFFX-SP-000063	19	52	17	0	b022
AFFX-SP-000064	23	44	20	1	b022
AFFX-SP-000065	20	42	26	0	b022
AFFX-SP-000066	27	41	19	1	b022
AFFX-SP-000067	34	41	13	0	b022
AFFX-SP-000068	17	37	34	0	b022
AFFX-SP-000069	34	40	14	0	b022
AFFX-SP-000070	33	38	17	0	b022
AFFX-SP-000071	47	35	6	0	b022
AFFX-SP-000072	18	42	28	0	b022
AFFX-SP-000073	31	41	16	0	b022
AFFX-SP-000074	36	36	16	0	b022
AFFX-SP-000075	46	34	8	0	b022
AFFX-SP-000076	15	44	29	0	b022
AFFX-SP-000077	27	48	13	0	b022
AFFX-SP-000078	17	45	26	0	b022
AFFX-SP-000079	47	33	8	0	b022
AFFX-SP-000080	23	45	20	0	b022
AFFX-SP-000081	45	36	7	0	b022
AFFX-SP-000082	22	46	20	0	b022
AFFX-SP-000083	34	49	5	0	b022
AX-100002858	47	23	0	18	b022
AX-100003084	14	41	31	2	b022
AX-100003154	58	26	4	0	b022
AX-100003350	30	39	19	0	b022
AX-100003359	9	38	40	1	b022
AX-100003653	72	13	3	0	b022
AX-100003889	47	35	6	0	b022
AX-100004211	75	13	0	0	b022
AX-100004309	70	8	0	10	b022
AX-100004481	28	18	9	0	b022
AX-100004775	2	24	61	1	b022
AX-100006966	2	13	72	1	b022
AX-100007195	3	17	64	4	b022
AX-100007392	3	21	64	0	b022
AX-100007507	4	28	56	0	b022
AX-100007598	62	23	3	0	b022
AX-100007701	4	12	15	57	b022
AFFX-SP-000001	36	48	12	0	b025
AFFX-SP-000002	34	48	14	0	b025
AFFX-SP-000003	22	42	32	0	b025
AFFX-SP-000004	33	44	19	0	b025
AFFX-SP-000005	31	43	22	0	b025
AFFX-SP-000006	39	41	16	0	b025
AFFX-SP-000007	48	37	11	0	b025
AFFX-SP-000008	26	48	22	0	b025
AFFX-SP-000009	9	52	35	0	b025
AFFX-SP-000010	21	50	25	0	b025
AFFX-SP-000011	26	51	18	1	b025
AFFX-SP-000012	12	47	37	0	b025
AFFX-SP-000013	26	47	23	0	b025
AFFX-SP-000014	38	46	12	0	b025
AFFX-SP-000015	23	45	28	0	b025
AFFX-SP-000016	19	60	17	0	b025
AFFX-SP-000017	39	43	14	0	b025
AFFX-SP-000018	37	41	18	0	b025
AFFX-SP-000019	8	43	45	0	b025
AFFX-SP-000020	35	43	18	0	b025
AFFX-SP-000021	27	47	22	0	b025
AFFX-SP-000022	48	40	8	0	b025
AFFX-SP-000023	23	42	31	0	b025
AFFX-SP-000024	27	52	17	0	b025
AFFX-SP-000025	14	50	32	0	b025
AFFX-SP-000026	41	42	13	0	b025
AFFX-SP-000027	6	34	56	0	b025
AFFX-SP-000028	36	47	13	0	b025
AFFX-SP-000029	24	40	32	0	b025
AFFX-SP-000030	11	32	53	0	b025
AFFX-SP-000031	19	48	29	0	b025
AFFX-SP-000032	18	44	34	0	b025
AFFX-SP-000033	27	48	21	0	b025
AFFX-SP-000034	12	39	45	0	b025
AFFX-SP-000035	10	52	34	0	b025
AFFX-SP-000036	30	45	21	0	b025
AFFX-SP-000037	26	53	16	1	b025
AFFX-SP-000038	14	51	31	0	b025
AFFX-SP-000039	27	52	17	0	b025
AFFX-SP-000040	33	45	18	0	b025
AFFX-SP-000041	31	48	17	0	b025
AFFX-SP-000042	39	44	13	0	b025
AFFX-SP-000043	34	47	15	0	b025
AFFX-SP-000044	29	47	19	1	b025
AFFX-SP-000045	37	41	18	0	b025
AFFX-SP-000046	16	56	24	0	b025
AFFX-SP-000047	25	53	18	0	b025
AFFX-SP-000048	10	48	38	0	b025
AFFX-SP-000049	27	50	19	0	b025
AFFX-SP-000050	26	44	26	0	b025
AFFX-SP-000051	5	34	57	0	b025
AFFX-SP-000052	46	41	9	0	b025
AFFX-SP-000053	14	23	59	0	b025
AFFX-SP-000054	36	40	20	0	b025
AFFX-SP-000055	17	52	27	0	b025
AFFX-SP-000056	29	50	17	0	b025
AFFX-SP-000057	20	50	26	0	b025
AFFX-SP-000058	19	48	29	0	b025
AFFX-SP-000059	9	43	44	0	b025
AFFX-SP-000060	24	52	20	0	b025
AFFX-SP-000061	23	46	27	0	b025
AFFX-SP-000062	33	44	19	0	b025
AFFX-SP-000063	20	54	22	0	b025
AFFX-SP-000064	29	47	20	0	b025
AFFX-SP-000065	13	47	36	0	b025
AFFX-SP-000066	29	42	25	0	b025
AFFX-SP-000067	32	51	13	0	b025
AFFX-SP-000068	24	39	33	0	b025
AFFX-SP-000069	36	41	19	0	b025
AFFX-SP-000070	36	38	21	1	b025
AFFX-SP-000071	53	34	9	0	b025
AFFX-SP-000072	19	52	25	0	b025
AFFX-SP-000073	25	50	21	0	b025
AFFX-SP-000074	42	42	12	0	b025
AFFX-SP-000075	44	45	7	0	b025
AFFX-SP-000076	15	41	40	0	b025
AFFX-SP-000077	41	38	17	0	b025
AFFX-SP-000078	21	50	25	0	b025
AFFX-SP-000079	49	34	13	0	b025
AFFX-SP-000080	35	42	19	0	b025
AFFX-SP-000081	52	37	7	0	b025
AFFX-SP-000082	31	47	18	0	b025
AFFX-SP-000083	48	43	5	0	b025
AX-100002858	66	20	6	4	b025
AX-100003084	19	47	30	0	b025
AX-100003154	56	32	8	0	b025
AX-100003350	30	47	19	0	b025
AX-100003359	12	39	45	0	b025
AX-100003653	81	13	2	0	b025
AX-100003889	46	41	9	0	b025
AX-100004211	81	14	1	0	b025
AX-100004309	94	1	0	1	b025
AX-100004481	19	33	13	0	b025
AX-100004775	0	30	66	0	b025
AX-100006966	0	20	76	0	b025
AX-100007195	0	20	76	0	b025
AX-100007392	2	31	63	0	b025
AX-100007507	6	38	52	0	b025
AX-100007598	56	34	6	0	b025
AX-100007701	8	36	52	0	b025
AFFX-SP-000001	37	44	14	0	b005
AFFX-SP-000002	32	43	20	0	b005
AFFX-SP-000003	26	46	22	1	b005
AFFX-SP-000004	32	42	21	0	b005
AFFX-SP-000005	29	52	14	0	b005
AFFX-SP-000006	34	39	22	0	b005
AFFX-SP-000007	39	52	4	0	b005
AFFX-SP-000008	30	41	21	3	b005
AFFX-SP-000009	14	48	33	0	b005
AFFX-SP-000010	33	40	22	0	b005
AFFX-SP-000011	34	41	20	0	b005
AFFX-SP-000012	18	48	29	0	b005
AFFX-SP-000013	23	47	25	0	b005
AFFX-SP-000014	32	48	15	0	b005
AFFX-SP-000015	10	42	43	0	b005
AFFX-SP-000016	16	45	34	0	b005
AFFX-SP-000017	36	45	14	0	b005
AFFX-SP-000018	35	45	15	0	b005
AFFX-SP-000019	13	38	44	0	b005
AFFX-SP-000020	24	54	17	0	b005
AFFX-SP-000021	24	47	24	0	b005
AFFX-SP-000022	41	45	9	0	b005
AFFX-SP-000023	22	45	28	0	b005
AFFX-SP-000024	30	47	18	0	b005
AFFX-SP-000025	17	39	39	0	b005
AFFX-SP-000026	41	43	11	0	b005
AFFX-SP-000027	6	31	58	0	b005
AFFX-SP-000028	29	52	14	0	b005
AFFX-SP-000029	31	39	25	0	b005
AFFX-SP-000030	10	42	43	0	b005
AFFX-SP-000031	25	43	27	0	b005
AFFX-SP-000032	17	48	30	0	b005
AFFX-SP-000033	29	49	17	0	b005
AFFX-SP-000034	9	44	42	0	b005
AFFX-SP-000035	13	46	36	0	b005
AFFX-SP-000036	40	43	12	0	b005
AFFX-SP-000037	25	52	18	0	b005
AFFX-SP-000038	15	49	31	0	b005
AFFX-SP-000039	29	44	22	0	b005
AFFX-SP-000040	36	49	10	0	b005
AFFX-SP-000041	36	44	15	0	b005
AFFX-SP-000042	21	56	18	0	b005
AFFX-SP-000043	30	50	15	0	b005
AFFX-SP-000044	30	51	14	0	b005
AFFX-SP-000045	34	46	15	0	b005
AFFX-SP-000046	23	48	24	0	b005
AFFX-SP-000047	29	41	25	0	b005
AFFX-SP-000048	23	46	26	0	b005
AFFX-SP-000049	28	56	11	0	b005
AFFX-SP-000050	28	43	24	0	b005
AFFX-SP-000051	4	42	49	0	b005
AFFX-SP-000052	48	37	10	0	b005
AFFX-SP-000053	9	45	41	0	b005
AFFX-SP-000054	23	54	18	0	b005
AFFX-SP-000055	20	46	29	0	b005
AFFX-SP-000056	41	44	10	0	b005
AFFX-SP-000057	18	57	20	0	b005
AFFX-SP-000058	18	54	23	0	b005
AFFX-SP-000059	5	48	42	0	b005
AFFX-SP-000060	28	43	24	0	b005
AFFX-SP-000061	22	42	31	0	b005
AFFX-SP-000062	35	42	17	1	b005
AFFX-SP-000063	24	43	28	0	b005
AFFX-SP-000064	28	48	19	0	b005
AFFX-SP-000065	12	49	33	1	b005
AFFX-SP-000066	27	40	27	1	b005
AFFX-SP-000067	28	47	20	0	b005
AFFX-SP-000068	19	47	29	0	b005
AFFX-SP-000069	23	53	18	1	b005
AFFX-SP-000070	31	47	17	0	b005
AFFX-SP-000071	52	36	7	0	b005
AFFX-SP-000072	23	50	22	0	b005
AFFX-SP-000073	34	46	15	0	b005
AFFX-SP-000074	48	39	8	0	b005
AFFX-SP-000075	46	40	9	0	b005
AFFX-SP-000076	12	44	39	0	b005
AFFX-SP-000077	25	44	26	0	b005
AFFX-SP-000078	17	54	24	0	b005
AFFX-SP-000079	51	31	13	0	b005
AFFX-SP-000080	32	43	20	0	b005
AFFX-SP-000081	51	40	4	0	b005
AFFX-SP-000082	35	43	17	0	b005
AFFX-SP-000083	43	42	10	0	b005
AX-100002858	61	29	2	3	b005
AX-100003084	13	46	36	0	b005
AX-100003154	50	39	6	0	b005
AX-100003350	38	38	19	0	b005
AX-100003359	10	44	41	0	b005
AX-100003653	72	23	0	0	b005
AX-100003889	46	41	8	0	b005
AX-100004211	84	11	0	0	b005
AX-100004309	95	0	0	0	b005
AX-100004481	26	36	12	0	b005
AX-100004775	5	29	61	0	b005
AX-100006966	0	24	69	2	b005
AX-100007195	2	20	71	2	b005
AX-100007392	3	30	62	0	b005
AX-100007507	4	28	63	0	b005
AX-100007598	51	41	3	0	b005
AX-100007701	4	31	46	14	b005
AFFX-SP-000001	27	43	17	0	b017
AFFX-SP-000002	41	35	11	0	b017
AFFX-SP-000003	18	41	28	0	b017
AFFX-SP-000004	18	40	28	1	b017
AFFX-SP-000005	28	46	12	1	b017
AFFX-SP-000006	31	43	13	0	b017
AFFX-SP-000007	37	41	9	0	b017
AFFX-SP-000008	26	41	14	6	b017
AFFX-SP-000009	17	42	28	0	b017
AFFX-SP-000010	20	49	18	0	b017
AFFX-SP-000011	23	48	16	0	b017
AFFX-SP-000012	6	50	31	0	b017
AFFX-SP-000013	22	46	19	0	b017
AFFX-SP-000014	28	38	21	0	b017
AFFX-SP-000015	15	42	30	0	b017
AFFX-SP-000016	12	37	38	0	b017
AFFX-SP-000017	37	36	10	4	b017
AFFX-SP-000018	30	43	14	0	b017
AFFX-SP-000019	9	36	42	0	b017
AFFX-SP-000020	26	37	24	0	b017
AFFX-SP-000021	21	50	16	0	b017
AFFX-SP-000022	31	41	15	0	b017
AFFX-SP-000023	17	42	26	2	b017
AFFX-SP-000024	17	49	21	0	b017
AFFX-SP-000025	19	37	31	0	b017
AFFX-SP-000026	44	31	12	0	b017
AFFX-SP-000027	4	30	53	0	b017
AFFX-SP-000028	23	55	9	0	b017
AFFX-SP-000029	22	41	24	0	b017
AFFX-SP-000030	12	41	34	0	b017
AFFX-SP-000031	19	47	21	0	b017
AFFX-SP-000032	20	44	23	0	b017
AFFX-SP-000033	22	47	18	0	b017
AFFX-SP-000034	14	40	33	0	b017
AFFX-SP-000035	10	47	30	0	b017
AFFX-SP-000036	28	36	23	0	b017
AFFX-SP-000037	33	39	15	0	b017
AFFX-SP-000038	16	41	30	0	b017
AFFX-SP-000039	34	35	18	0	b017
AFFX-SP-000040	38	36	13	0	b017
AFFX-SP-000041	25	42	20	0	b017
AFFX-SP-000042	30	38	19	0	b017
AFFX-SP-000043	34	33	20	0	b017
AFFX-SP-000044	31	44	12	0	b017
AFFX-SP-000045	25	53	9	0	b017
AFFX-SP-000046	17	48	22	0	b017
AFFX-SP-000047	20	38	29	0	b017
AFFX-SP-000048	16	36	35	0	b017
AFFX-SP-000049	43	35	9	0	b017
AFFX-SP-000050	19	48	17	3	b017
AFFX-SP-000051	8	31	48	0	b017
AFFX-SP-000052	39	37	7	4	b017
AFFX-SP-000053	7	33	47	0	b017
AFFX-SP-000054	32	37	18	0	b017
AFFX-SP-000055	17	45	25	0	b017
AFFX-SP-000056	30	45	12	0	b017
AFFX-SP-000057	13	43	31	0	b017
AFFX-SP-000058	24	46	17	0	b017
AFFX-SP-000059	8	39	40	0	b017
AFFX-SP-000060	25	42	20	0	b017
AFFX-SP-000061	19	42	26	0	b017
AFFX-SP-000062	23	45	19	0	b017
AFFX-SP-000063	24	42	21	0	b017
AFFX-SP-000064	25	44	18	0	b017
AFFX-SP-000065	17	43	26	1	b017
AFFX-SP-000066	21	35	31	0	b017
AFFX-SP-000067	22	48	17	0	b017
AFFX-SP-000068	22	49	16	0	b017
AFFX-SP-000069	21	49	17	0	b017
AFFX-SP-000070	31	45	11	0	b017
AFFX-SP-000071	48	31	8	0	b017
AFFX-SP-000072	17	34	36	0	b017
AFFX-SP-000073	28	44	15	0	b017
AFFX-SP-000074	35	38	14	0	b017
AFFX-SP-000075	40	39	8	0	b017
AFFX-SP-000076	14	41	32	0	b017
AFFX-SP-000077	29	38	20	0	b017
AFFX-SP-000078	22	42	23	0	b017
AFFX-SP-000079	42	34	11	0	b017
AFFX-SP-000080	29	41	17	0	b017
AFFX-SP-000081	48	35	4	0	b017
AFFX-SP-000082	28	38	21	0	b017
AFFX-SP-000083	42	36	8	1	b017
AX-100002858	62	17	5	3	b017
AX-100003084	14	41	31	1	b017
AX-100003154	56	26	4	1	b017
AX-100003350	40	34	13	0	b017
AX-100003359	10	38	39	0	b017
AX-100003653	70	17	0	0	b017
AX-100003889	34	40	13	0	b017
AX-100004211	77	10	0	0	b017
AX-100004309	87	0	0	0	b017
AX-100004481	23	25	10	0	b017
AX-100004775	5	26	56	0	b017
AX-100006966	0	12	72	3	b017
AX-100007195	0	17	68	2	b017
AX-100007392	2	20	64	1	b017
AX-100007507	5	21	60	1	b017
AX-100007598	52	30	5	0	b017
AX-100007701	3	19	21	44	b017
AFFX-SP-000001	24	44	16	0	b013
AFFX-SP-000002	28	35	21	0	b013
AFFX-SP-000003	15	48	21	0	b013
AFFX-SP-000004	27	43	14	0	b013
AFFX-SP-000005	30	38	16	0	b013
AFFX-SP-000006	44	32	8	0	b013
AFFX-SP-000007	45	36	3	0	b013
AFFX-SP-000008	35	28	11	10	b013
AFFX-SP-000009	9	34	40	1	b013
AFFX-SP-000010	14	47	23	0	b013
AFFX-SP-000011	30	35	19	0	b013
AFFX-SP-000012	16	37	31	0	b013
AFFX-SP-000013	22	37	25	0	b013
AFFX-SP-000014	30	39	15	0	b013
AFFX-SP-000015	9	32	43	0	b013
AFFX-SP-000016	8	47	29	0	b013
AFFX-SP-000017	37	35	9	3	b013
AFFX-SP-000018	37	38	9	0	b013
AFFX-SP-000019	7	38	39	0	b013
AFFX-SP-000020	26	49	9	0	b013
AFFX-SP-000021	16	50	18	0	b013
AFFX-SP-000022	32	35	15	2	b013
AFFX-SP-000023	10	48	26	0	b013
AFFX-SP-000024	19	45	20	0	b013
AFFX-SP-000025	19	39	26	0	b013
AFFX-SP-000026	30	40	14	0	b013
AFFX-SP-000027	6	30	48	0	b013
AFFX-SP-000028	32	38	14	0	b013
AFFX-SP-000029	19	39	26	0	b013
AFFX-SP-000030	11	42	31	0	b013
AFFX-SP-000031	15	47	22	0	b013
AFFX-SP-000032	21	39	24	0	b013
AFFX-SP-000033	28	35	21	0	b013
AFFX-SP-000034	17	33	34	0	b013
AFFX-SP-000035	14	30	40	0	b013
AFFX-SP-000036	34	39	11	0	b013
AFFX-SP-000037	26	42	16	0	b013
AFFX-SP-000038	16	43	25	0	b013
AFFX-SP-000039	28	38	17	1	b013
AFFX-SP-000040	27	40	17	0	b013
AFFX-SP-000041	32	45	7	0	b013
AFFX-SP-000042	33	40	10	1	b013
AFFX-SP-000043	25	46	13	0	b013
AFFX-SP-000044	32	40	12	0	b013
AFFX-SP-000045	25	40	19	0	b013
AFFX-SP-000046	26	39	19	0	b013
AFFX-SP-000047	21	49	14	0	b013
AFFX-SP-000048	12	39	33	0	b013
AFFX-SP-000049	30	41	12	1	b013
AFFX-SP-000050	11	46	24	3	b013
AFFX-SP-000051	7	38	39	0	b013
AFFX-SP-000052	40	34	6	4	b013
AFFX-SP-000053	5	37	42	0	b013
AFFX-SP-000054	35	40	9	0	b013
AFFX-SP-000055	16	32	36	0	b013
AFFX-SP-000056	33	40	11	0	b013
AFFX-SP-000057	19	40	25	0	b013
AFFX-SP-000058	16	43	25	0	b013
AFFX-SP-000059	8	31	45	0	b013
AFFX-SP-000060	25	43	16	0	b013
AFFX-SP-000061	15	44	25	0	b013
AFFX-SP-000062	35	42	7	0	b013
AFFX-SP-000063	25	42	17	0	b013
AFFX-SP-000064	22	49	13	0	b013
AFFX-SP-000065	14	36	34	0	b013
AFFX-SP-000066	24	37	23	0	b013
AFFX-SP-000067	36	36	12	0	b013
AFFX-SP-000068	13	39	32	0	b013
AFFX-SP-000069	28	42	14	0	b013
AFFX-SP-000070	28	35	20	1	b013
AFFX-SP-000071	47	28	9	0	b013
AFFX-SP-000072	15	36	33	0	b013
AFFX-SP-000073	30	35	19	0	b013
AFFX-SP-000074	47	30	7	0	b013
AFFX-SP-000075	44	37	3	0	b013
AFFX-SP-000076	12	41	31	0	b013
AFFX-SP-000077	23	40	21	0	b013
AFFX-SP-000078	23	47	14	0	b013
AFFX-SP-000079	41	34	9	0	b013
AFFX-SP-000080	30	41	13	0	b013
AFFX-SP-000081	35	41	8	0	b013
AFFX-SP-000082	18	42	24	0	b013
AFFX-SP-000083	34	41	8	1	b013
AX-100002858	55	24	3	2	b013
AX-100003084	15	36	33	0	b013
AX-100003154	53	20	11	0	b013
AX-100003350	27	45	12	0	b013
AX-100003359	8	38	38	0	b013
AX-100003653	71	13	0	0	b013
AX-100003889	41	30	13	0	b013
AX-100004211	73	11	0	0	b013
AX-100004309	71	5	0	8	b013
AX-100004481	17	25	13	0	b013
AX-100004775	2	18	64	0	b013
AX-100006966	0	15	65	4	b013
AX-100007195	0	14	65	5	b013
AX-100007392	3	19	62	0	b013
AX-100007507	3	29	52	0	b013
AX-100007598	45	35	4	0	b013
AX-100007701	7	17	19	41	b013
AFFX-SP-000001	34	42	20	0	b029
AFFX-SP-000002	27	48	21	0	b029
AFFX-SP-000003	13	53	30	0	b029
AFFX-SP-000004	25	46	25	0	b029
AFFX-SP-000005	37	38	21	0	b029
AFFX-SP-000006	40	47	9	0	b029
AFFX-SP-000007	45	43	8	0	b029
AFFX-SP-000008	37	43	16	0	b029
AFFX-SP-000009	17	39	40	0	b029
AFFX-SP-000010	31	37	28	0	b029
AFFX-SP-000011	30	46	20	0	b029
AFFX-SP-000012	13	42	41	0	b029
AFFX-SP-000013	17	51	27	1	b029
AFFX-SP-000014	36	44	16	0	b029
AFFX-SP-000015	17	41	38	0	b029
AFFX-SP-000016	12	45	39	0	b029
AFFX-SP-000017	39	39	17	1	b029
AFFX-SP-000018	34	49	13	0	b029
AFFX-SP-000019	11	41	44	0	b029
AFFX-SP-000020	26	53	17	0	b029
AFFX-SP-000021	23	48	25	0	b029
AFFX-SP-000022	34	49	13	0	b029
AFFX-SP-000023	15	62	19	0	b029
AFFX-SP-000024	22	42	32	0	b029
AFFX-SP-000025	22	42	32	0	b029
AFFX-SP-000026	46	38	12	0	b029
AFFX-SP-000027	3	37	56	0	b029
AFFX-SP-000028	40	50	6	0	b029
AFFX-SP-000029	21	49	26	0	b029
AFFX-SP-000030	15	44	37	0	b029
AFFX-SP-000031	18	45	33	0	b029
AFFX-SP-000032	15	49	32	0	b029
AFFX-SP-000033	27	50	19	0	b029
AFFX-SP-000034	9	44	43	0	b029
AFFX-SP-000035	7	49	40	0	b029
AFFX-SP-000036	35	40	21	0	b029
AFFX-SP-000037	28	39	29	0	b029
AFFX-SP-000038	22	46	28	0	b029
AFFX-SP-000039	26	54	16	0	b029
AFFX-SP-000040	33	46	17	0	b029
AFFX-SP-000041	34	50	12	0	b029
AFFX-SP-000042	37	43	16	0	b029
AFFX-SP-000043	30	47	18	1	b029
AFFX-SP-000044	27	45	24	0	b029
AFFX-SP-000045	38	39	19	0	b029
AFFX-SP-000046	23	43	30	0	b029
AFFX-SP-000047	30	33	33	0	b029
AFFX-SP-000048	19	46	31	0	b029
AFFX-SP-000049	37	45	14	0	b029
AFFX-SP-000050	23	49	24	0	b029
AFFX-SP-000051	7	42	47	0	b029
AFFX-SP-000052	63	27	6	0	b029
AFFX-SP-000053	12	47	37	0	b029
AFFX-SP-000054	32	43	21	0	b029
AFFX-SP-000055	15	41	40	0	b029
AFFX-SP-000056	33	47	16	0	b029
AFFX-SP-000057	24	44	28	0	b029
AFFX-SP-000058	27	44	25	0	b029
AFFX-SP-000059	6	45	45	0	b029
AFFX-SP-000060	29	45	22	0	b029
AFFX-SP-000061	13	56	27	0	b029
AFFX-SP-000062	34	47	15	0	b029
AFFX-SP-000063	22	41	33	0	b029
AFFX-SP-000064	30	48	18	0	b029
AFFX-SP-000065	13	41	42	0	b029
AFFX-SP-000066	27	41	28	0	b029
AFFX-SP-000067	31	49	16	0	b029
AFFX-SP-000068	13	45	38	0	b029
AFFX-SP-000069	23	51	22	0	b029
AFFX-SP-000070	33	52	11	0	b029
AFFX-SP-000071	56	33	7	0	b029
AFFX-SP-000072	18	45	33	0	b029
AFFX-SP-000073	27	44	25	0	b029
AFFX-SP-000074	42	45	9	0	b029
AFFX-SP-000075	52	36	8	0	b029
AFFX-SP-000076	16	51	29	0	b029
AFFX-SP-000077	31	47	18	0	b029
AFFX-SP-000078	33	44	19	0	b029
AFFX-SP-000079	47	41	8	0	b029
AFFX-SP-000080	31	46	19	0	b029
AFFX-SP-000081	43	47	6	0	b029
AFFX-SP-000082	27	49	20	0	b029
AFFX-SP-000083	44	41	11	0	b029
AX-100002858	58	25	4	9	b029
AX-100003084	16	48	32	0	b029
AX-100003154	58	32	6	0	b029
AX-100003350	30	48	18	0	b029
AX-100003359	13	44	39	0	b029
AX-100003653	82	12	2	0	b029
AX-100003889	38	42	15	1	b029
AX-100004211	88	8	0	0	b029
AX-100004309	68	10	0	18	b029
AX-100004481	28	30	6	0	b029
AX-100004775	3	30	62	1	b029
AX-100006966	0	16	77	3	b029
AX-100007195	1	13	82	0	b029
AX-100007392	4	25	67	0	b029
AX-100007507	2	38	56	0	b029
AX-100007598	53	33	10	0	b029
AX-100007701	2	36	58	0	b029
AFFX-SP-000001	31	44	21	0	b007
AFFX-SP-000002	31	46	19	0	b007
AFFX-SP-000003	18	53	25	0	b007
AFFX-SP-000004	30	50	16	0	b007
AFFX-SP-000005	30	53	13	0	b007
AFFX-SP-000006	43	40	13	0	b007
AFFX-SP-000007	47	40	9	0	b007
AFFX-SP-000008	28	48	20	0	b007
AFFX-SP-000009	16	48	31	1	b007
AFFX-SP-000010	23	59	14	0	b007
AFFX-SP-000011	28	51	17	0	b007
AFFX-SP-000012	19	47	30	0	b007
AFFX-SP-000013	19	45	32	0	b007
AFFX-SP-000014	33	47	15	1	b007
AFFX-SP-000015	9	39	48	0	b007
AFFX-SP-000016	12	39	45	0	b007
AFFX-SP-000017	35	46	15	0	b007
AFFX-SP-000018	36	49	11	0	b007
AFFX-SP-000019	7	37	52	0	b007
AFFX-SP-000020	27	48	21	0	b007
AFFX-SP-000021	24	56	16	0	b007
AFFX-SP-000022	39	46	11	0	b007
AFFX-SP-000023	21	39	36	0	b007
AFFX-SP-000024	28	48	20	0	b007
AFFX-SP-000025	17	51	28	0	b007
AFFX-SP-000026	37	50	9	0	b007
AFFX-SP-000027	6	35	55	0	b007
AFFX-SP-000028	35	46	15	0	b007
AFFX-SP-000029	22	46	28	0	b007
AFFX-SP-000030	8	43	45	0	b007
AFFX-SP-000031	15	46	35	0	b007
AFFX-SP-000032	17	54	25	0	b007
AFFX-SP-000033	27	43	26	0	b007
AFFX-SP-000034	9	41	46	0	b007
AFFX-SP-000035	10	59	27	0	b007
AFFX-SP-000036	30	41	24	1	b007
AFFX-SP-000037	29	44	23	0	b007
AFFX-SP-000038	21	47	28	0	b007
AFFX-SP-000039	32	39	24	1	b007
AFFX-SP-000040	32	49	14	1	b007
AFFX-SP-000041	41	42	13	0	b007
AFFX-SP-000042	44	37	15	0	b007
AFFX-SP-000043	34	45	17	0	b007
AFFX-SP-000044	36	45	15	0	b007
AFFX-SP-000045	25	48	23	0	b007
AFFX-SP-000046	21	35	40	0	b007
AFFX-SP-000047	21	41	34	0	b007
AFFX-SP-000048	22	40	34	0	b007
AFFX-SP-000049	35	45	16	0	b007
AFFX-SP-000050	31	48	17	0	b007
AFFX-SP-000051	4	37	55	0	b007
AFFX-SP-000052	52	38	5	1	b007
AFFX-SP-000053	19	37	40	0	b007
AFFX-SP-000054	31	51	14	0	b007
AFFX-SP-000055	14	48	34	0	b007
AFFX-SP-000056	39	44	13	0	b007
AFFX-SP-000057	22	50	24	0	b007
AFFX-SP-000058	22	49	25	0	b007
AFFX-SP-000059	4	46	46	0	b007
AFFX-SP-000060	30	51	15	0	b007
AFFX-SP-000061	24	46	26	0	b007
AFFX-SP-000062	35	43	17	1	b007
AFFX-SP-000063	20	54	22	0	b007
AFFX-SP-000064	28	53	15	0	b007
AFFX-SP-000065	16	48	32	0	b007
AFFX-SP-000066	26	51	19	0	b007
AFFX-SP-000067	46	39	11	0	b007
AFFX-SP-000068	21	46	29	0	b007
AFFX-SP-000069	31	47	18	0	b007
AFFX-SP-000070	27	49	20	0	b007
AFFX-SP-000071	47	41	8	0	b007
AFFX-SP-000072	18	53	25	0	b007
AFFX-SP-000073	26	50	20	0	b007
AFFX-SP-000074	49	33	14	0	b007
AFFX-SP-000075	46	43	7	0	b007
AFFX-SP-000076	21	45	30	0	b007
AFFX-SP-000077	23	52	21	0	b007
AFFX-SP-000078	15	45	36	0	b007
AFFX-SP-000079	46	44	6	0	b007
AFFX-SP-000080	31	48	17	0	b007
AFFX-SP-000081	53	35	8	0	b007
AFFX-SP-000082	26	53	17	0	b007
AFFX-SP-000083	44	43	9	0	b007
AX-100002858	72	19	4	1	b007
AX-100003084	19	47	30	0	b007
AX-100003154	59	32	5	0	b007
AX-100003350	37	36	23	0	b007
AX-100003359	10	46	40	0	b007
AX-100003653	85	9	2	0	b007
AX-100003889	41	47	8	0	b007
AX-100004211	90	6	0	0	b007
AX-100004309	95	1	0	0	b007
AX-100004481	19	39	10	0	b007
AX-100004775	1	34	60	1	b007
AX-100006966	0	16	77	3	b007
AX-100007195	0	23	71	2	b007
AX-100007392	4	24	68	0	b007
AX-100007507	9	41	46	0	b007
AX-100007598	53	38	5	0	b007
AX-100007701	4	25	54	13	b007
AFFX-SP-000001	18	56	22	0	b011
AFFX-SP-000002	27	49	20	0	b011
AFFX-SP-000003	20	44	32	0	b011
AFFX-SP-000004	35	44	17	0	b011
AFFX-SP-000005	33	48	15	0	b011
AFFX-SP-000006	36	46	14	0	b011
AFFX-SP-000007	48	38	10	0	b011
AFFX-SP-000008	30	45	21	0	b011
AFFX-SP-000009	18	42	36	0	b011
AFFX-SP-000010	29	50	17	0	b011
AFFX-SP-000011	35	44	17	0	b011
AFFX-SP-000012	16	48	32	0	b011
AFFX-SP-000013	18	54	24	0	b011
AFFX-SP-000014	37	38	21	0	b011
AFFX-SP-000015	16	46	34	0	b011
AFFX-SP-000016	18	44	34	0	b011
AFFX-SP-000017	40	41	14	1	b011
AFFX-SP-000018	32	50	14	0	b011
AFFX-SP-000019	11	38	47	0	b011
AFFX-SP-000020	29	46	21	0	b011
AFFX-SP-000021	31	44	21	0	b011
AFFX-SP-000022	36	44	15	1	b011
AFFX-SP-000023	28	43	25	0	b011
AFFX-SP-000024	24	45	27	0	b011
AFFX-SP-000025	18	47	31	0	b011
AFFX-SP-000026	51	35	10	0	b011
AFFX-SP-000027	5	37	54	0	b011
AFFX-SP-000028	37	47	12	0	b011
AFFX-SP-000029	16	48	32	0	b011
AFFX-SP-000030	15	40	41	0	b011
AFFX-SP-000031	15	40	41	0	b011
AFFX-SP-000032	24	45	27	0	b011
AFFX-SP-000033	26	49	21	0	b011
AFFX-SP-000034	9	49	38	0	b011
AFFX-SP-000035	15	43	38	0	b011
AFFX-SP-000036	30	53	12	1	b011
AFFX-SP-000037	31	50	15	0	b011
AFFX-SP-000038	15	53	28	0	b011
AFFX-SP-000039	31	49	15	1	b011
AFFX-SP-000040	36	41	18	1	b011
AFFX-SP-000041	44	45	7	0	b011
AFFX-SP-000042	36	41	19	0	b011
AFFX-SP-000043	38	38	20	0	b011
AFFX-SP-000044	29	50	17	0	b011
AFFX-SP-000045	41	39	16	0	b011
AFFX-SP-000046	17	49	30	0	b011
AFFX-SP-000047	23	48	25	0	b011
AFFX-SP-000048	21	52	23	0	b011
AFFX-SP-000049	32	52	12	0	b011
AFFX-SP-000050	27	39	29	1	b011
AFFX-SP-000051	7	42	47	0	b011
AFFX-SP-000052	52	37	6	1	b011
AFFX-SP-000053	16	31	48	1	b011
AFFX-SP-000054	30	51	15	0	b011
AFFX-SP-000055	17	47	32	0	b011
AFFX-SP-000056	32	48	16	0	b011
AFFX-SP-000057	23	45	28	0	b011
AFFX-SP-000058	18	53	25	0	b011
AFFX-SP-000059	6	37	53	0	b011
AFFX-SP-000060	32	45	19	0	b011
AFFX-SP-000061	17	52	27	0	b011
AFFX-SP-000062	35	42	19	0	b011
AFFX-SP-000063	24	45	27	0	b011
AFFX-SP-000064	26	50	20	0	b011
AFFX-SP-000065	14	48	34	0	b011
AFFX-SP-000066	25	48	23	0	b011
AFFX-SP-000067	38	45	13	0	b011
AFFX-SP-000068	25	43	28	0	b011
AFFX-SP-000069	31	43	22	0	b011
AFFX-SP-000070	36	41	19	0	b011
AFFX-SP-000071	57	31	8	0	b011
AFFX-SP-000072	27	43	26	0	b011
AFFX-SP-000073	30	47	19	0	b011
AFFX-SP-000074	44	41	11	0	b011
AFFX-SP-000075	45	42	9	0	b011
AFFX-SP-000076	16	47	33	0	b011
AFFX-SP-000077	22	51	23	0	b011
AFFX-SP-000078	24	46	26	0	b011
AFFX-SP-000079	38	39	18	1	b011
AFFX-SP-000080	31	47	18	0	b011
AFFX-SP-000081	44	44	8	0	b011
AFFX-SP-000082	28	52	16	0	b011
AFFX-SP-000083	50	35	11	0	b011
AX-100002858	72	23	0	1	b011
AX-100003084	19	48	29	0	b011
AX-100003154	60	30	6	0	b011
AX-100003350	36	43	17	0	b011
AX-100003359	13	42	40	1	b011
AX-100003653	84	11	0	1	b011
AX-100003889	45	41	10	0	b011
AX-100004211	86	10	0	0	b011
AX-100004309	83	2	0	11	b011
AX-100004481	23	39	13	0	b011
AX-100004775	5	32	59	0	b011
AX-100006966	0	12	80	4	b011
AX-100007195	0	15	79	2	b011
AX-100007392	2	28	66	0	b011
AX-100007507	8	36	52	0	b011
AX-100007598	57	36	3	0	b011
AX-100007701	5	22	51	18	b011
AFFX-SP-000001	20	59	17	0	b015
AFFX-SP-000002	27	55	14	0	b015
AFFX-SP-000003	27	43	24	2	b015
AFFX-SP-000004	31	43	22	0	b015
AFFX-SP-000005	32	49	15	0	b015
AFFX-SP-000006	44	38	14	0	b015
AFFX-SP-000007	41	41	14	0	b015
AFFX-SP-000008	27	46	22	1	b015
AFFX-SP-000009	12	51	33	0	b015
AFFX-SP-000010	25	41	30	0	b015
AFFX-SP-000011	27	50	19	0	b015
AFFX-SP-000012	20	38	38	0	b015
AFFX-SP-000013	30	45	21	0	b015
AFFX-SP-000014	39	33	24	0	b015
AFFX-SP-000015	19	48	29	0	b015
AFFX-SP-000016	13	47	36	0	b015
AFFX-SP-000017	37	46	12	1	b015
AFFX-SP-000018	51	33	12	0	b015
AFFX-SP-000019	7	39	50	0	b015
AFFX-SP-000020	25	49	22	0	b015
AFFX-SP-000021	21	51	24	0	b015
AFFX-SP-000022	41	41	14	0	b015
AFFX-SP-000023	16	45	35	0	b015
AFFX-SP-000024	31	42	23	0	b015
AFFX-SP-000025	11	42	43	0	b015
AFFX-SP-000026	36	47	13	0	b015
AFFX-SP-000027	11	30	55	0	b015
AFFX-SP-000028	35	42	19	0	b015
AFFX-SP-000029	27	47	22	0	b015
AFFX-SP-000030	15	46	35	0	b015
AFFX-SP-000031	17	50	29	0	b015
AFFX-SP-000032	19	43	34	0	b015
AFFX-SP-000033	30	42	24	0	b015
AFFX-SP-000034	14	48	34	0	b015
AFFX-SP-000035	18	56	22	0	b015
AFFX-SP-000036	34	49	13	0	b015
AFFX-SP-000037	26	56	14	0	b015
AFFX-SP-000038	17	46	33	0	b015
AFFX-SP-000039	27	45	24	0	b015
AFFX-SP-000040	25	64	7	0	b015
AFFX-SP-000041	39	47	10	0	b015
AFFX-SP-000042	42	41	13	0	b015
AFFX-SP-000043	26	45	25	0	b015
AFFX-SP-000044	22	54	20	0	b015
AFFX-SP-000045	34	47	15	0	b015
AFFX-SP-000046	23	45	28	0	b015
AFFX-SP-000047	23	46	27	0	b015
AFFX-SP-000048	18	49	29	0	b015
AFFX-SP-000049	41	46	9	0	b015
AFFX-SP-000050	19	49	27	1	b015
AFFX-SP-000051	6	41	49	0	b015
AFFX-SP-000052	46	38	10	2	b015
AFFX-SP-000053	16	46	34	0	b015
AFFX-SP-000054	31	49	16	0	b015
AFFX-SP-000055	18	41	37	0	b015
AFFX-SP-000056	34	47	15	0	b015
AFFX-SP-000057	23	49	24	0	b015
AFFX-SP-000058	20	40	36	0	b015
AFFX-SP-000059	11	38	46	1	b015
AFFX-SP-000060	30	50	16	0	b015
AFFX-SP-000061	21	49	26	0	b015
AFFX-SP-000062	32	47	17	0	b015
AFFX-SP-000063	27	43	26	0	b015
AFFX-SP-000064	24	52	20	0	b015
AFFX-SP-000065	16	47	32	1	b015
AFFX-SP-000066	25	48	23	0	b015
AFFX-SP-000067	39	46	11	0	b015
AFFX-SP-000068	21	50	25	0	b015
AFFX-SP-000069	30	44	22	0	b015
AFFX-SP-000070	32	40	24	0	b015
AFFX-SP-000071	54	33	9	0	b015
AFFX-SP-000072	19	51	26	0	b015
AFFX-SP-000073	25	52	19	0	b015
AFFX-SP-000074	46	43	7	0	b015
AFFX-SP-000075	45	37	14	0	b015
AFFX-SP-000076	18	35	43	0	b015
AFFX-SP-000077	34	41	21	0	b015
AFFX-SP-000078	24	44	28	0	b015
AFFX-SP-000079	43	45	8	0	b015
AFFX-SP-000080	30	47	19	0	b015
AFFX-SP-000081	42	47	6	1	b015
AFFX-SP-000082	23	47	26	0	b015
AFFX-SP-000083	43	43	10	0	b015
AX-100002858	73	15	6	2	b015
AX-100003084	18	47	31	0	b015
AX-100003154	55	37	4	0	b015
AX-100003350	26	49	21	0	b015
AX-100003359	12	37	47	0	b015
AX-100003653	85	9	2	0	b015
AX-100003889	50	35	11	0	b015
AX-100004211	81	14	0	1	b015
AX-100004309	83	8	0	5	b015
AX-100004481	19	31	9	0	b015
AX-100004775	3	26	65	2	b015
AX-100006966	0	14	81	1	b015
AX-100007195	5	16	74	1	b015
AX-100007392	3	19	74	0	b015
AX-100007507	7	32	57	0	b015
AX-100007598	59	30	7	0	b015
AX-100007701	5	32	56	3	b015
AFFX-SP-000001	32	40	22	0	b012
AFFX-SP-000002	36	39	19	0	b012
AFFX-SP-000003	22	41	31	0	b012
AFFX-SP-000004	28	46	20	0	b012
AFFX-SP-000005	30	49	15	0	b012
AFFX-SP-000006	33	44	16	1	b012
AFFX-SP-000007	44	36	14	0	b012
AFFX-SP-000008	29	44	19	2	b012
AFFX-SP-000009	11	44	39	0	b012
AFFX-SP-000010	28	48	18	0	b012
AFFX-SP-000011	25	51	18	0	b012
AFFX-SP-000012	17	41	36	0	b012
AFFX-SP-000013	23	43	28	0	b012
AFFX-SP-000014	31	43	20	0	b012
AFFX-SP-000015	11	47	36	0	b012
AFFX-SP-000016	16	37	41	0	b012
AFFX-SP-000017	43	37	14	0	b012
AFFX-SP-000018	48	38	8	0	b012
AFFX-SP-000019	8	46	40	0	b012
AFFX-SP-000020	30	45	18	1	b012
AFFX-SP-000021	34	37	23	0	b012
AFFX-SP-000022	38	42	14	0	b012
AFFX-SP-000023	19	50	24	1	b012
AFFX-SP-000024	26	44	24	0	b012
AFFX-SP-000025	12	48	34	0	b012
AFFX-SP-000026	38	45	11	0	b012
AFFX-SP-000027	7	41	46	0	b012
AFFX-SP-000028	39	44	11	0	b012
AFFX-SP-000029	19	43	32	0	b012
AFFX-SP-000030	15	38	41	0	b012
AFFX-SP-000031	15	46	33	0	b012
AFFX-SP-000032	14	49	30	1	b012
AFFX-SP-000033	17	52	25	0	b012
AFFX-SP-000034	11	47	36	0	b012
AFFX-SP-000035	13	45	36	0	b012
AFFX-SP-000036	34	47	12	1	b012
AFFX-SP-000037	26	50	18	0	b012
AFFX-SP-000038	17	52	25	0	b012
AFFX-SP-000039	26	49	19	0	b012
AFFX-SP-000040	37	39	18	0	b012
AFFX-SP-000041	45	34	15	0	b012
AFFX-SP-000042	27	51	16	0	b012
AFFX-SP-000043	33	48	13	0	b012
AFFX-SP-000044	32	45	16	1	b012
AFFX-SP-000045	38	34	22	0	b012
AFFX-SP-000046	13	50	31	0	b012
AFFX-SP-000047	17	59	18	0	b012
AFFX-SP-000048	19	52	23	0	b012
AFFX-SP-000049	35	47	12	0	b012
AFFX-SP-000050	24	46	24	0	b012
AFFX-SP-000051	13	38	43	0	b012
AFFX-SP-000052	42	40	11	1	b012
AFFX-SP-000053	14	42	38	0	b012
AFFX-SP-000054	27	53	14	0	b012
AFFX-SP-000055	17	42	35	0	b012
AFFX-SP-000056	31	45	18	0	b012
AFFX-SP-000057	26	43	25	0	b012
AFFX-SP-000058	21	46	27	0	b012
AFFX-SP-000059	7	41	46	0	b012
AFFX-SP-000060	29	46	19	0	b012
AFFX-SP-000061	22	42	30	0	b012
AFFX-SP-000062	36	43	15	0	b012
AFFX-SP-000063	22	52	20	0	b012
AFFX-SP-000064	18	52	24	0	b012
AFFX-SP-000065	13	35	45	1	b012
AFFX-SP-000066	35	43	16	0	b012
AFFX-SP-000067	33	45	16	0	b012
AFFX-SP-000068	17	43	34	0	b012
AFFX-SP-000069	35	37	22	0	b012
AFFX-SP-000070	22	49	23	0	b012
AFFX-SP-000071	53	34	7	0	b012
AFFX-SP-000072	23	41	30	0	b012
AFFX-SP-000073	26	48	20	0	b012
AFFX-SP-000074	48	35	11	0	b012
AFFX-SP-000075	50	38	6	0	b012
AFFX-SP-000076	16	37	41	0	b012
AFFX-SP-000077	32	45	17	0	b012
AFFX-SP-000078	19	52	23	0	b012
AFFX-SP-000079	38	38	18	0	b012
AFFX-SP-000080	30	44	20	0	b012
AFFX-SP-000081	47	44	3	0	b012
AFFX-SP-000082	35	36	23	0	b012
AFFX-SP-000083	43	43	8	0	b012
AX-100002858	65	26	3	0	b012
AX-100003084	25	37	31	1	b012
AX-100003154	55	29	10	0	b012
AX-100003350	30	49	15	0	b012
AX-100003359	11	46	37	0	b012
AX-100003653	85	7	2	0	b012
AX-100003889	29	52	13	0	b012
AX-100004211	83	11	0	0	b012
AX-100004309	87	3	0	4	b012
AX-100004481	26	35	12	0	b012
AX-100004775	1	26	66	1	b012
AX-100006966	1	19	69	5	b012
AX-100007195	4	26	61	3	b012
AX-100007392	29	1	64	0	b012
AX-100007507	5	39	50	0	b012
AX-100007598	59	28	7	0	b012
AX-100007701	4	21	35	34	b012
AFFX-SP-000001	33	51	12	0	b026
AFFX-SP-000002	42	42	11	1	b026
AFFX-SP-000003	27	40	29	0	b026
AFFX-SP-000004	19	56	21	0	b026
AFFX-SP-000005	31	55	10	0	b026
AFFX-SP-000006	49	32	15	0	b026
AFFX-SP-000007	50	39	7	0	b026
AFFX-SP-000008	29	47	20	0	b026
AFFX-SP-000009	13	50	33	0	b026
AFFX-SP-000010	14	60	22	0	b026
AFFX-SP-000011	33	48	15	0	b026
AFFX-SP-000012	14	45	37	0	b026
AFFX-SP-000013	26	51	19	0	b026
AFFX-SP-000014	37	37	22	0	b026
AFFX-SP-000015	18	39	39	0	b026
AFFX-SP-000016	15	46	35	0	b026
AFFX-SP-000017	27	53	16	0	b026
AFFX-SP-000018	43	42	11	0	b026
AFFX-SP-000019	9	43	44	0	b026
AFFX-SP-000020	34	45	17	0	b026
AFFX-SP-000021	29	52	15	0	b026
AFFX-SP-000022	48	36	12	0	b026
AFFX-SP-000023	17	51	28	0	b026
AFFX-SP-000024	30	49	17	0	b026
AFFX-SP-000025	16	39	41	0	b026
AFFX-SP-000026	40	42	14	0	b026
AFFX-SP-000027	11	34	51	0	b026
AFFX-SP-000028	33	50	12	1	b026
AFFX-SP-000029	11	44	41	0	b026
AFFX-SP-000030	13	46	37	0	b026
AFFX-SP-000031	17	52	26	1	b026
AFFX-SP-000032	22	36	37	1	b026
AFFX-SP-000033	27	46	23	0	b026
AFFX-SP-000034	14	44	38	0	b026
AFFX-SP-000035	19	52	25	0	b026
AFFX-SP-000036	38	48	9	1	b026
AFFX-SP-000037	20	49	27	0	b026
AFFX-SP-000038	25	43	28	0	b026
AFFX-SP-000039	24	52	19	1	b026
AFFX-SP-000040	46	41	9	0	b026
AFFX-SP-000041	30	48	18	0	b026
AFFX-SP-000042	24	54	18	0	b026
AFFX-SP-000043	32	53	11	0	b026
AFFX-SP-000044	41	37	18	0	b026
AFFX-SP-000045	30	50	16	0	b026
AFFX-SP-000046	28	45	23	0	b026
AFFX-SP-000047	26	43	27	0	b026
AFFX-SP-000048	19	43	34	0	b026
AFFX-SP-000049	35	44	17	0	b026
AFFX-SP-000050	33	40	23	0	b026
AFFX-SP-000051	7	42	47	0	b026
AFFX-SP-000052	46	40	10	0	b026
AFFX-SP-000053	14	43	39	0	b026
AFFX-SP-000054	41	36	19	0	b026
AFFX-SP-000055	14	41	41	0	b026
AFFX-SP-000056	33	50	13	0	b026
AFFX-SP-000057	21	50	25	0	b026
AFFX-SP-000058	15	47	34	0	b026
AFFX-SP-000059	8	43	45	0	b026
AFFX-SP-000060	34	45	17	0	b026
AFFX-SP-000061	24	45	27	0	b026
AFFX-SP-000062	35	50	11	0	b026
AFFX-SP-000063	25	42	29	0	b026
AFFX-SP-000064	28	48	20	0	b026
AFFX-SP-000065	16	48	32	0	b026
AFFX-SP-000066	33	44	19	0	b026
AFFX-SP-000067	48	34	14	0	b026
AFFX-SP-000068	8	55	33	0	b026
AFFX-SP-000069	35	54	7	0	b026
AFFX-SP-000070	25	49	22	0	b026
AFFX-SP-000071	50	39	7	0	b026
AFFX-SP-000072	20	47	29	0	b026
AFFX-SP-000073	27	51	18	0	b026
AFFX-SP-000074	35	46	15	0	b026
AFFX-SP-000075	52	39	5	0	b026
AFFX-SP-000076	15	50	31	0	b026
AFFX-SP-000077	32	42	22	0	b026
AFFX-SP-000078	21	44	31	0	b026
AFFX-SP-000079	45	42	9	0	b026
AFFX-SP-000080	26	47	23	0	b026
AFFX-SP-000081	47	39	10	0	b026
AFFX-SP-000082	30	42	24	0	b026
AFFX-SP-000083	45	42	9	0	b026
AX-100002858	62	28	3	3	b026
AX-100003084	15	51	30	0	b026
AX-100003154	56	36	4	0	b026
AX-100003350	27	45	24	0	b026
AX-100003359	17	42	37	0	b026
AX-100003653	81	13	2	0	b026
AX-100003889	36	44	16	0	b026
AX-100004211	83	12	0	1	b026
AX-100004309	75	10	0	11	b026
AX-100004481	30	31	5	0	b026
AX-100004775	2	28	66	0	b026
AX-100006966	0	18	77	1	b026
AX-100007195	0	23	73	0	b026
AX-100007392	0	22	74	0	b026
AX-100007507	3	34	59	0	b026
AX-100007598	56	35	5	0	b026
AX-100007701	1	36	59	0	b026
AFFX-SP-000001	31	46	19	0	b006
AFFX-SP-000002	38	46	12	0	b006
AFFX-SP-000003	19	55	22	0	b006
AFFX-SP-000004	28	49	19	0	b006
AFFX-SP-000005	41	47	8	0	b006
AFFX-SP-000006	34	43	19	0	b006
AFFX-SP-000007	35	48	13	0	b006
AFFX-SP-000008	36	44	16	0	b006
AFFX-SP-000009	20	42	34	0	b006
AFFX-SP-000010	20	53	23	0	b006
AFFX-SP-000011	24	50	22	0	b006
AFFX-SP-000012	19	48	29	0	b006
AFFX-SP-000013	18	49	29	0	b006
AFFX-SP-000014	23	53	20	0	b006
AFFX-SP-000015	10	39	47	0	b006
AFFX-SP-000016	15	40	41	0	b006
AFFX-SP-000017	28	50	16	2	b006
AFFX-SP-000018	46	40	10	0	b006
AFFX-SP-000019	8	38	50	0	b006
AFFX-SP-000020	28	52	16	0	b006
AFFX-SP-000021	27	50	19	0	b006
AFFX-SP-000022	42	43	11	0	b006
AFFX-SP-000023	23	43	30	0	b006
AFFX-SP-000024	33	42	21	0	b006
AFFX-SP-000025	17	50	29	0	b006
AFFX-SP-000026	39	39	18	0	b006
AFFX-SP-000027	8	26	62	0	b006
AFFX-SP-000028	37	47	12	0	b006
AFFX-SP-000029	18	43	35	0	b006
AFFX-SP-000030	12	41	43	0	b006
AFFX-SP-000031	16	56	24	0	b006
AFFX-SP-000032	30	41	25	0	b006
AFFX-SP-000033	30	53	13	0	b006
AFFX-SP-000034	9	44	43	0	b006
AFFX-SP-000035	10	54	32	0	b006
AFFX-SP-000036	35	45	16	0	b006
AFFX-SP-000037	27	45	24	0	b006
AFFX-SP-000038	24	37	35	0	b006
AFFX-SP-000039	34	39	23	0	b006
AFFX-SP-000040	26	53	17	0	b006
AFFX-SP-000041	32	46	18	0	b006
AFFX-SP-000042	41	40	15	0	b006
AFFX-SP-000043	27	47	22	0	b006
AFFX-SP-000044	36	41	19	0	b006
AFFX-SP-000045	33	46	17	0	b006
AFFX-SP-000046	26	59	11	0	b006
AFFX-SP-000047	30	43	23	0	b006
AFFX-SP-000048	20	40	36	0	b006
AFFX-SP-000049	34	50	12	0	b006
AFFX-SP-000050	27	52	17	0	b006
AFFX-SP-000051	5	42	49	0	b006
AFFX-SP-000052	47	40	9	0	b006
AFFX-SP-000053	14	46	36	0	b006
AFFX-SP-000054	35	45	16	0	b006
AFFX-SP-000055	12	51	33	0	b006
AFFX-SP-000056	23	51	21	1	b006
AFFX-SP-000057	19	48	29	0	b006
AFFX-SP-000058	16	62	18	0	b006
AFFX-SP-000059	10	36	50	0	b006
AFFX-SP-000060	35	42	19	0	b006
AFFX-SP-000061	24	51	21	0	b006
AFFX-SP-000062	32	44	20	0	b006
AFFX-SP-000063	21	53	22	0	b006
AFFX-SP-000064	23	52	21	0	b006
AFFX-SP-000065	15	48	33	0	b006
AFFX-SP-000066	25	49	22	0	b006
AFFX-SP-000067	34	51	11	0	b006
AFFX-SP-000068	19	43	34	0	b006
AFFX-SP-000069	39	41	16	0	b006
AFFX-SP-000070	31	55	10	0	b006
AFFX-SP-000071	67	24	5	0	b006
AFFX-SP-000072	19	48	29	0	b006
AFFX-SP-000073	25	51	20	0	b006
AFFX-SP-000074	42	42	12	0	b006
AFFX-SP-000075	45	41	10	0	b006
AFFX-SP-000076	14	42	40	0	b006
AFFX-SP-000077	32	47	17	0	b006
AFFX-SP-000078	22	38	36	0	b006
AFFX-SP-000079	45	36	15	0	b006
AFFX-SP-000080	37	37	22	0	b006
AFFX-SP-000081	54	33	9	0	b006
AFFX-SP-000082	28	48	20	0	b006
AFFX-SP-000083	45	42	9	0	b006
AX-100002858	64	29	3	0	b006
AX-100003084	13	50	33	0	b006
AX-100003154	57	34	5	0	b006
AX-100003350	23	44	29	0	b006
AX-100003359	7	48	41	0	b006
AX-100003653	78	16	2	0	b006
AX-100003889	38	50	8	0	b006
AX-100004211	89	7	0	0	b006
AX-100004309	96	0	0	0	b006
AX-100004481	32	27	8	0	b006
AX-100004775	3	27	66	0	b006
AX-100006966	0	18	74	4	b006
AX-100007195	3	20	73	0	b006
AX-100007392	3	28	65	0	b006
AX-100007507	2	39	55	0	b006
AX-100007598	57	32	7	0	b006
AX-100007701	6	32	58	0	b006
AFFX-SP-000001	22	60	14	0	b027
AFFX-SP-000002	38	35	23	0	b027
AFFX-SP-000003	16	49	31	0	b027
AFFX-SP-000004	31	45	20	0	b027
AFFX-SP-000005	32	50	14	0	b027
AFFX-SP-000006	41	48	7	0	b027
AFFX-SP-000007	52	35	9	0	b027
AFFX-SP-000008	26	56	14	0	b027
AFFX-SP-000009	10	47	39	0	b027
AFFX-SP-000010	35	48	13	0	b027
AFFX-SP-000011	29	36	31	0	b027
AFFX-SP-000012	15	46	35	0	b027
AFFX-SP-000013	31	37	27	1	b027
AFFX-SP-000014	32	50	14	0	b027
AFFX-SP-000015	11	43	42	0	b027
AFFX-SP-000016	16	45	35	0	b027
AFFX-SP-000017	35	45	16	0	b027
AFFX-SP-000018	44	40	12	0	b027
AFFX-SP-000019	7	40	49	0	b027
AFFX-SP-000020	25	53	18	0	b027
AFFX-SP-000021	28	44	24	0	b027
AFFX-SP-000022	54	30	12	0	b027
AFFX-SP-000023	25	40	31	0	b027
AFFX-SP-000024	23	57	16	0	b027
AFFX-SP-000025	17	53	26	0	b027
AFFX-SP-000026	46	37	13	0	b027
AFFX-SP-000027	4	41	51	0	b027
AFFX-SP-000028	42	44	10	0	b027
AFFX-SP-000029	16	47	33	0	b027
AFFX-SP-000030	14	39	43	0	b027
AFFX-SP-000031	25	40	31	0	b027
AFFX-SP-000032	27	44	25	0	b027
AFFX-SP-000033	32	42	22	0	b027
AFFX-SP-000034	10	31	55	0	b027
AFFX-SP-000035	9	48	39	0	b027
AFFX-SP-000036	24	59	12	1	b027
AFFX-SP-000037	24	55	17	0	b027
AFFX-SP-000038	20	48	28	0	b027
AFFX-SP-000039	30	42	24	0	b027
AFFX-SP-000040	31	51	14	0	b027
AFFX-SP-000041	33	49	14	0	b027
AFFX-SP-000042	35	42	19	0	b027
AFFX-SP-000043	32	48	16	0	b027
AFFX-SP-000044	30	45	21	0	b027
AFFX-SP-000045	38	45	13	0	b027
AFFX-SP-000046	28	51	17	0	b027
AFFX-SP-000047	27	52	17	0	b027
AFFX-SP-000048	18	49	29	0	b027
AFFX-SP-000049	45	39	12	0	b027
AFFX-SP-000050	26	50	20	0	b027
AFFX-SP-000051	7	40	49	0	b027
AFFX-SP-000052	55	36	5	0	b027
AFFX-SP-000053	14	42	40	0	b027
AFFX-SP-000054	33	37	26	0	b027
AFFX-SP-000055	10	48	37	1	b027
AFFX-SP-000056	42	41	13	0	b027
AFFX-SP-000057	26	39	31	0	b027
AFFX-SP-000058	25	41	30	0	b027
AFFX-SP-000059	7	41	48	0	b027
AFFX-SP-000060	24	46	26	0	b027
AFFX-SP-000061	23	42	31	0	b027
AFFX-SP-000062	34	43	19	0	b027
AFFX-SP-000063	21	45	30	0	b027
AFFX-SP-000064	31	38	27	0	b027
AFFX-SP-000065	17	44	35	0	b027
AFFX-SP-000066	23	48	25	0	b027
AFFX-SP-000067	37	42	17	0	b027
AFFX-SP-000068	18	46	32	0	b027
AFFX-SP-000069	32	43	21	0	b027
AFFX-SP-000070	31	42	23	0	b027
AFFX-SP-000071	44	41	11	0	b027
AFFX-SP-000072	17	47	32	0	b027
AFFX-SP-000073	26	51	18	1	b027
AFFX-SP-000074	48	31	17	0	b027
AFFX-SP-000075	43	50	3	0	b027
AFFX-SP-000076	16	45	35	0	b027
AFFX-SP-000077	39	41	16	0	b027
AFFX-SP-000078	27	45	24	0	b027
AFFX-SP-000079	49	37	10	0	b027
AFFX-SP-000080	38	38	20	0	b027
AFFX-SP-000081	40	42	14	0	b027
AFFX-SP-000082	32	45	18	1	b027
AFFX-SP-000083	44	41	11	0	b027
AX-100002858	63	27	4	2	b027
AX-100003084	15	39	42	0	b027
AX-100003154	59	31	5	1	b027
AX-100003350	29	52	15	0	b027
AX-100003359	11	35	50	0	b027
AX-100003653	80	15	1	0	b027
AX-100003889	31	51	14	0	b027
AX-100004211	84	12	0	0	b027
AX-100004309	96	0	0	0	b027
AX-100004481	25	36	8	0	b027
AX-100004775	0	30	65	1	b027
AX-100006966	0	11	83	2	b027
AX-100007195	0	16	80	0	b027
AX-100007392	3	25	68	0	b027
AX-100007507	3	41	52	0	b027
AX-100007598	49	39	8	0	b027
AX-100007701	9	27	60	0	b027
AFFX-SP-000001	28	50	15	1	b021
AFFX-SP-000002	26	47	21	0	b021
AFFX-SP-000003	14	44	36	0	b021
AFFX-SP-000004	27	46	21	0	b021
AFFX-SP-000005	34	47	13	0	b021
AFFX-SP-000006	34	45	15	0	b021
AFFX-SP-000007	26	53	15	0	b021
AFFX-SP-000008	29	49	15	1	b021
AFFX-SP-000009	15	45	34	0	b021
AFFX-SP-000010	22	50	22	0	b021
AFFX-SP-000011	33	48	13	0	b021
AFFX-SP-000012	10	47	37	0	b021
AFFX-SP-000013	19	52	23	0	b021
AFFX-SP-000014	24	50	20	0	b021
AFFX-SP-000015	14	45	35	0	b021
AFFX-SP-000016	15	40	39	0	b021
AFFX-SP-000017	42	44	7	1	b021
AFFX-SP-000018	38	40	16	0	b021
AFFX-SP-000019	12	43	39	0	b021
AFFX-SP-000020	27	47	20	0	b021
AFFX-SP-000021	21	49	24	0	b021
AFFX-SP-000022	44	39	11	0	b021
AFFX-SP-000023	17	38	39	0	b021
AFFX-SP-000024	27	44	23	0	b021
AFFX-SP-000025	11	49	34	0	b021
AFFX-SP-000026	39	40	15	0	b021
AFFX-SP-000027	9	29	56	0	b021
AFFX-SP-000028	43	41	10	0	b021
AFFX-SP-000029	16	48	30	0	b021
AFFX-SP-000030	13	37	44	0	b021
AFFX-SP-000031	16	43	35	0	b021
AFFX-SP-000032	21	47	26	0	b021
AFFX-SP-000033	28	45	21	0	b021
AFFX-SP-000034	16	41	37	0	b021
AFFX-SP-000035	18	42	34	0	b021
AFFX-SP-000036	26	51	17	0	b021
AFFX-SP-000037	21	46	27	0	b021
AFFX-SP-000038	18	49	27	0	b021
AFFX-SP-000039	23	52	19	0	b021
AFFX-SP-000040	33	49	12	0	b021
AFFX-SP-000041	41	42	11	0	b021
AFFX-SP-000042	33	45	16	0	b021
AFFX-SP-000043	26	55	13	0	b021
AFFX-SP-000044	31	46	17	0	b021
AFFX-SP-000045	35	43	16	0	b021
AFFX-SP-000046	20	38	36	0	b021
AFFX-SP-000047	23	44	27	0	b021
AFFX-SP-000048	20	51	23	0	b021
AFFX-SP-000049	43	44	7	0	b021
AFFX-SP-000050	22	45	27	0	b021
AFFX-SP-000051	9	31	54	0	b021
AFFX-SP-000052	52	35	4	3	b021
AFFX-SP-000053	11	40	43	0	b021
AFFX-SP-000054	35	37	22	0	b021
AFFX-SP-000055	14	53	27	0	b021
AFFX-SP-000056	29	44	21	0	b021
AFFX-SP-000057	25	45	24	0	b021
AFFX-SP-000058	22	38	34	0	b021
AFFX-SP-000059	8	43	42	1	b021
AFFX-SP-000060	36	48	10	0	b021
AFFX-SP-000061	17	52	25	0	b021
AFFX-SP-000062	38	41	15	0	b021
AFFX-SP-000063	23	45	26	0	b021
AFFX-SP-000064	26	48	20	0	b021
AFFX-SP-000065	21	35	38	0	b021
AFFX-SP-000066	22	44	27	1	b021
AFFX-SP-000067	29	49	15	1	b021
AFFX-SP-000068	16	50	28	0	b021
AFFX-SP-000069	26	51	17	0	b021
AFFX-SP-000070	38	41	15	0	b021
AFFX-SP-000071	55	30	9	0	b021
AFFX-SP-000072	23	47	24	0	b021
AFFX-SP-000073	34	42	18	0	b021
AFFX-SP-000074	41	40	13	0	b021
AFFX-SP-000075	38	50	6	0	b021
AFFX-SP-000076	14	43	37	0	b021
AFFX-SP-000077	25	55	14	0	b021
AFFX-SP-000078	18	44	32	0	b021
AFFX-SP-000079	43	40	11	0	b021
AFFX-SP-000080	30	49	15	0	b021
AFFX-SP-000081	42	44	8	0	b021
AFFX-SP-000082	25	42	27	0	b021
AFFX-SP-000083	43	40	11	0	b021
AX-100002858	59	29	4	2	b021
AX-100003084	22	37	35	0	b021
AX-100003154	56	32	5	1	b021
AX-100003350	30	45	19	0	b021
AX-100003359	6	41	46	1	b021
AX-100003653	78	16	0	0	b021
AX-100003889	38	42	14	0	b021
AX-100004211	83	10	1	0	b021
AX-100004309	94	0	0	0	b021
AX-100004481	20	39	13	0	b021
AX-100004775	2	29	63	0	b021
AX-100006966	2	16	73	3	b021
AX-100007195	3	12	79	0	b021
AX-100007392	4	23	67	0	b021
AX-100007507	3	31	60	0	b021
AX-100007598	50	34	9	1	b021
AX-100007701	3	29	43	19	b021
AFFX-SP-000001	33	43	18	0	b018
AFFX-SP-000002	39	47	8	0	b018
AFFX-SP-000003	14	39	41	0	b018
AFFX-SP-000004	28	50	16	0	b018
AFFX-SP-000005	35	40	19	0	b018
AFFX-SP-000006	44	37	13	0	b018
AFFX-SP-000007	37	42	15	0	b018
AFFX-SP-000008	27	44	18	5	b018
AFFX-SP-000009	19	43	31	1	b018
AFFX-SP-000010	25	46	23	0	b018
AFFX-SP-000011	26	45	23	0	b018
AFFX-SP-000012	17	45	32	0	b018
AFFX-SP-000013	21	45	28	0	b018
AFFX-SP-000014	44	38	12	0	b018
AFFX-SP-000015	10	48	36	0	b018
AFFX-SP-000016	10	53	31	0	b018
AFFX-SP-000017	43	34	14	3	b018
AFFX-SP-000018	42	40	12	0	b018
AFFX-SP-000019	6	33	55	0	b018
AFFX-SP-000020	37	40	17	0	b018
AFFX-SP-000021	35	38	21	0	b018
AFFX-SP-000022	37	46	10	1	b018
AFFX-SP-000023	32	31	31	0	b018
AFFX-SP-000024	21	53	19	1	b018
AFFX-SP-000025	19	44	31	0	b018
AFFX-SP-000026	35	40	19	0	b018
AFFX-SP-000027	6	38	50	0	b018
AFFX-SP-000028	37	46	11	0	b018
AFFX-SP-000029	17	40	37	0	b018
AFFX-SP-000030	19	39	36	0	b018
AFFX-SP-000031	14	48	32	0	b018
AFFX-SP-000032	17	53	24	0	b018
AFFX-SP-000033	30	38	26	0	b018
AFFX-SP-000034	10	41	43	0	b018
AFFX-SP-000035	19	50	25	0	b018
AFFX-SP-000036	31	50	13	0	b018
AFFX-SP-000037	38	44	12	0	b018
AFFX-SP-000038	13	48	32	1	b018
AFFX-SP-000039	26	44	24	0	b018
AFFX-SP-000040	44	40	10	0	b018
AFFX-SP-000041	36	45	13	0	b018
AFFX-SP-000042	25	58	11	0	b018
AFFX-SP-000043	30	42	22	0	b018
AFFX-SP-000044	25	45	24	0	b018
AFFX-SP-000045	41	39	13	1	b018
AFFX-SP-000046	23	34	37	0	b018
AFFX-SP-000047	26	51	17	0	b018
AFFX-SP-000048	21	49	24	0	b018
AFFX-SP-000049	34	47	13	0	b018
AFFX-SP-000050	29	42	22	1	b018
AFFX-SP-000051	15	44	35	0	b018
AFFX-SP-000052	48	37	4	5	b018
AFFX-SP-000053	11	32	51	0	b018
AFFX-SP-000054	29	45	20	0	b018
AFFX-SP-000055	17	51	26	0	b018
AFFX-SP-000056	42	39	13	0	b018
AFFX-SP-000057	16	47	30	1	b018
AFFX-SP-000058	14	50	30	0	b018
AFFX-SP-000059	9	39	45	1	b018
AFFX-SP-000060	39	38	17	0	b018
AFFX-SP-000061	20	50	24	0	b018
AFFX-SP-000062	30	50	14	0	b018
AFFX-SP-000063	18	49	27	0	b018
AFFX-SP-000064	33	45	16	0	b018
AFFX-SP-000065	18	38	38	0	b018
AFFX-SP-000066	18	59	16	1	b018
AFFX-SP-000067	31	50	13	0	b018
AFFX-SP-000068	22	46	26	0	b018
AFFX-SP-000069	31	43	20	0	b018
AFFX-SP-000070	35	40	19	0	b018
AFFX-SP-000071	53	28	13	0	b018
AFFX-SP-000072	22	51	21	0	b018
AFFX-SP-000073	24	42	28	0	b018
AFFX-SP-000074	29	52	13	0	b018
AFFX-SP-000075	50	36	8	0	b018
AFFX-SP-000076	14	41	39	0	b018
AFFX-SP-000077	26	49	19	0	b018
AFFX-SP-000078	21	47	26	0	b018
AFFX-SP-000079	41	39	14	0	b018
AFFX-SP-000080	27	47	20	0	b018
AFFX-SP-000081	45	40	9	0	b018
AFFX-SP-000082	28	45	21	0	b018
AFFX-SP-000083	36	51	7	0	b018
AX-100002858	68	24	0	2	b018
AX-100003084	14	45	35	0	b018
AX-100003154	47	40	7	0	b018
AX-100003350	20	54	19	1	b018
AX-100003359	12	45	35	2	b018
AX-100003653	80	14	0	0	b018
AX-100003889	35	41	18	0	b018
AX-100004211	87	7	0	0	b018
AX-100004309	77	4	0	13	b018
AX-100004481	23	30	12	0	b018
AX-100004775	4	25	64	1	b018
AX-100006966	1	17	72	4	b018
AX-100007195	0	16	74	4	b018
AX-100007392	4	28	62	0	b018
AX-100007507	3	35	56	0	b018
AX-100007598	56	28	10	0	b018
AX-100007701	2	10	23	59	b018
AFFX-SP-000001	28	47	20	0	b004
AFFX-SP-000002	37	47	11	0	b004
AFFX-SP-000003	16	54	25	0	b004
AFFX-SP-000004	41	43	11	0	b004
AFFX-SP-000005	31	47	17	0	b004
AFFX-SP-000006	34	38	23	0	b004
AFFX-SP-000007	41	37	17	0	b004
AFFX-SP-000008	31	46	17	1	b004
AFFX-SP-000009	18	45	32	0	b004
AFFX-SP-000010	33	39	23	0	b004
AFFX-SP-000011	32	48	15	0	b004
AFFX-SP-000012	25	34	36	0	b004
AFFX-SP-000013	25	45	24	1	b004
AFFX-SP-000014	30	43	22	0	b004
AFFX-SP-000015	18	44	33	0	b004
AFFX-SP-000016	16	37	42	0	b004
AFFX-SP-000017	29	50	16	0	b004
AFFX-SP-000018	46	35	14	0	b004
AFFX-SP-000019	10	45	40	0	b004
AFFX-SP-000020	28	52	15	0	b004
AFFX-SP-000021	31	45	19	0	b004
AFFX-SP-000022	35	46	13	1	b004
AFFX-SP-000023	18	47	30	0	b004
AFFX-SP-000024	24	44	27	0	b004
AFFX-SP-000025	11	55	29	0	b004
AFFX-SP-000026	43	42	10	0	b004
AFFX-SP-000027	6	43	46	0	b004
AFFX-SP-000028	38	45	12	0	b004
AFFX-SP-000029	17	62	16	0	b004
AFFX-SP-000030	12	46	37	0	b004
AFFX-SP-000031	20	46	29	0	b004
AFFX-SP-000032	18	44	33	0	b004
AFFX-SP-000033	23	51	21	0	b004
AFFX-SP-000034	7	50	38	0	b004
AFFX-SP-000035	23	45	27	0	b004
AFFX-SP-000036	30	44	20	1	b004
AFFX-SP-000037	29	51	15	0	b004
AFFX-SP-000038	14	41	40	0	b004
AFFX-SP-000039	19	54	20	2	b004
AFFX-SP-000040	28	47	20	0	b004
AFFX-SP-000041	27	51	17	0	b004
AFFX-SP-000042	41	37	17	0	b004
AFFX-SP-000043	32	49	14	0	b004
AFFX-SP-000044	38	41	16	0	b004
AFFX-SP-000045	38	46	11	0	b004
AFFX-SP-000046	16	39	40	0	b004
AFFX-SP-000047	28	33	34	0	b004
AFFX-SP-000048	21	48	26	0	b004
AFFX-SP-000049	42	36	17	0	b004
AFFX-SP-000050	34	45	15	1	b004
AFFX-SP-000051	4	25	66	0	b004
AFFX-SP-000052	49	35	11	0	b004
AFFX-SP-000053	20	41	34	0	b004
AFFX-SP-000054	31	46	18	0	b004
AFFX-SP-000055	17	46	32	0	b004
AFFX-SP-000056	42	44	9	0	b004
AFFX-SP-000057	19	54	22	0	b004
AFFX-SP-000058	18	49	28	0	b004
AFFX-SP-000059	11	44	40	0	b004
AFFX-SP-000060	29	44	22	0	b004
AFFX-SP-000061	25	43	27	0	b004
AFFX-SP-000062	37	40	18	0	b004
AFFX-SP-000063	24	49	22	0	b004
AFFX-SP-000064	27	50	18	0	b004
AFFX-SP-000065	18	36	41	0	b004
AFFX-SP-000066	29	48	18	0	b004
AFFX-SP-000067	31	47	17	0	b004
AFFX-SP-000068	20	44	31	0	b004
AFFX-SP-000069	35	46	14	0	b004
AFFX-SP-000070	24	57	14	0	b004
AFFX-SP-000071	50	41	4	0	b004
AFFX-SP-000072	26	42	27	0	b004
AFFX-SP-000073	31	46	18	0	b004
AFFX-SP-000074	40	45	10	0	b004
AFFX-SP-000075	45	40	10	0	b004
AFFX-SP-000076	23	47	25	0	b004
AFFX-SP-000077	33	45	17	0	b004
AFFX-SP-000078	20	57	18	0	b004
AFFX-SP-000079	38	34	22	1	b004
AFFX-SP-000080	30	49	16	0	b004
AFFX-SP-000081	44	34	17	0	b004
AFFX-SP-000082	28	47	20	0	b004
AFFX-SP-000083	43	38	14	0	b004
AX-100002858	61	24	6	4	b004
AX-100003084	14	49	32	0	b004
AX-100003154	52	38	5	0	b004
AX-100003350	38	40	17	0	b004
AX-100003359	14	44	36	1	b004
AX-100003653	76	18	1	0	b004
AX-100003889	33	45	17	0	b004
AX-100004211	86	9	0	0	b004
AX-100004309	95	0	0	0	b004
AX-100004481	28	37	7	0	b004
AX-100004775	3	19	73	0	b004
AX-100006966	0	15	78	2	b004
AX-100007195	2	19	74	0	b004
AX-100007392	1	22	72	0	b004
AX-100007507	7	34	54	0	b004
AX-100007598	67	21	7	0	b004
AX-100007701	6	36	53	0	b004
AFFX-SP-000001	30	33	13	0	b016
AFFX-SP-000002	31	36	9	0	b016
AFFX-SP-000003	15	40	20	1	b016
AFFX-SP-000004	19	46	11	0	b016
AFFX-SP-000005	29	32	15	0	b016
AFFX-SP-000006	28	33	15	0	b016
AFFX-SP-000007	36	31	9	0	b016
AFFX-SP-000008	21	28	13	14	b016
AFFX-SP-000009	5	38	31	2	b016
AFFX-SP-000010	24	31	21	0	b016
AFFX-SP-000011	28	34	14	0	b016
AFFX-SP-000012	11	39	26	0	b016
AFFX-SP-000013	21	34	21	0	b016
AFFX-SP-000014	28	36	12	0	b016
AFFX-SP-000015	8	39	29	0	b016
AFFX-SP-000016	10	36	30	0	b016
AFFX-SP-000017	25	38	9	4	b016
AFFX-SP-000018	22	36	18	0	b016
AFFX-SP-000019	14	32	30	0	b016
AFFX-SP-000020	17	41	18	0	b016
AFFX-SP-000021	26	37	12	1	b016
AFFX-SP-000022	29	27	18	2	b016
AFFX-SP-000023	16	38	22	0	b016
AFFX-SP-000024	24	30	22	0	b016
AFFX-SP-000025	19	29	28	0	b016
AFFX-SP-000026	32	32	12	0	b016
AFFX-SP-000027	9	32	35	0	b016
AFFX-SP-000028	35	29	12	0	b016
AFFX-SP-000029	14	37	25	0	b016
AFFX-SP-000030	10	35	31	0	b016
AFFX-SP-000031	18	37	21	0	b016
AFFX-SP-000032	15	36	25	0	b016
AFFX-SP-000033	21	34	21	0	b016
AFFX-SP-000034	10	39	27	0	b016
AFFX-SP-000035	15	33	28	0	b016
AFFX-SP-000036	26	32	18	0	b016
AFFX-SP-000037	24	41	11	0	b016
AFFX-SP-000038	15	41	20	0	b016
AFFX-SP-000039	22	38	15	1	b016
AFFX-SP-000040	27	38	9	2	b016
AFFX-SP-000041	33	35	8	0	b016
AFFX-SP-000042	30	34	12	0	b016
AFFX-SP-000043	27	35	14	0	b016
AFFX-SP-000044	30	32	14	0	b016
AFFX-SP-000045	34	33	9	0	b016
AFFX-SP-000046	22	39	15	0	b016
AFFX-SP-000047	21	39	16	0	b016
AFFX-SP-000048	17	34	25	0	b016
AFFX-SP-000049	27	37	12	0	b016
AFFX-SP-000050	26	33	17	0	b016
AFFX-SP-000051	3	34	39	0	b016
AFFX-SP-000052	37	23	7	9	b016
AFFX-SP-000053	6	38	32	0	b016
AFFX-SP-000054	20	39	17	0	b016
AFFX-SP-000055	8	42	26	0	b016
AFFX-SP-000056	29	37	10	0	b016
AFFX-SP-000057	14	42	20	0	b016
AFFX-SP-000058	15	36	24	1	b016
AFFX-SP-000059	9	39	28	0	b016
AFFX-SP-000060	28	37	11	0	b016
AFFX-SP-000061	15	37	24	0	b016
AFFX-SP-000062	30	37	9	0	b016
AFFX-SP-000063	17	40	19	0	b016
AFFX-SP-000064	28	39	9	0	b016
AFFX-SP-000065	12	35	29	0	b016
AFFX-SP-000066	18	33	24	1	b016
AFFX-SP-000067	19	38	19	0	b016
AFFX-SP-000068	15	38	23	0	b016
AFFX-SP-000069	32	36	8	0	b016
AFFX-SP-000070	22	38	16	0	b016
AFFX-SP-000071	35	35	6	0	b016
AFFX-SP-000072	24	33	19	0	b016
AFFX-SP-000073	27	32	17	0	b016
AFFX-SP-000074	32	37	7	0	b016
AFFX-SP-000075	42	26	8	0	b016
AFFX-SP-000076	13	34	29	0	b016
AFFX-SP-000077	19	37	20	0	b016
AFFX-SP-000078	25	33	18	0	b016
AFFX-SP-000079	28	43	5	0	b016
AFFX-SP-000080	14	47	15	0	b016
AFFX-SP-000081	42	29	5	0	b016
AFFX-SP-000082	23	40	13	0	b016
AFFX-SP-000083	34	31	11	0	b016
AX-100002858	49	23	2	2	b016
AX-100003084	12	35	29	0	b016
AX-100003154	35	33	7	1	b016
AX-100003350	24	41	11	0	b016
AX-100003359	10	35	31	0	b016
AX-100003653	60	15	1	0	b016
AX-100003889	39	24	10	3	b016
AX-100004211	73	3	0	0	b016
AX-100004309	60	2	0	14	b016
AX-100004481	21	23	8	0	b016
AX-100004775	3	20	53	0	b016
AX-100006966	0	14	60	2	b016
AX-100007195	2	20	45	9	b016
AX-100007392	3	20	53	0	b016
AX-100007507	4	22	50	0	b016
AX-100007598	39	32	5	0	b016
AX-100007701	3	9	10	54	b016
AFFX-SP-000001	21	54	16	1	b009
AFFX-SP-000002	33	37	22	0	b009
AFFX-SP-000003	15	52	25	0	b009
AFFX-SP-000004	25	43	24	0	b009
AFFX-SP-000005	31	46	15	0	b009
AFFX-SP-000006	41	40	11	0	b009
AFFX-SP-000007	54	29	9	0	b009
AFFX-SP-000008	20	44	24	4	b009
AFFX-SP-000009	9	39	44	0	b009
AFFX-SP-000010	20	43	29	0	b009
AFFX-SP-000011	26	46	20	0	b009
AFFX-SP-000012	17	44	30	1	b009
AFFX-SP-000013	23	46	23	0	b009
AFFX-SP-000014	20	56	16	0	b009
AFFX-SP-000015	14	43	35	0	b009
AFFX-SP-000016	23	41	28	0	b009
AFFX-SP-000017	36	40	13	3	b009
AFFX-SP-000018	51	28	13	0	b009
AFFX-SP-000019	13	46	33	0	b009
AFFX-SP-000020	29	41	22	0	b009
AFFX-SP-000021	25	44	23	0	b009
AFFX-SP-000022	38	35	18	1	b009
AFFX-SP-000023	16	41	34	1	b009
AFFX-SP-000024	22	44	26	0	b009
AFFX-SP-000025	22	46	24	0	b009
AFFX-SP-000026	37	45	10	0	b009
AFFX-SP-000027	5	32	54	1	b009
AFFX-SP-000028	34	42	16	0	b009
AFFX-SP-000029	21	41	30	0	b009
AFFX-SP-000030	6	41	44	1	b009
AFFX-SP-000031	20	46	25	1	b009
AFFX-SP-000032	24	44	23	1	b009
AFFX-SP-000033	30	45	17	0	b009
AFFX-SP-000034	10	41	41	0	b009
AFFX-SP-000035	11	36	45	0	b009
AFFX-SP-000036	41	40	10	1	b009
AFFX-SP-000037	25	40	27	0	b009
AFFX-SP-000038	25	38	29	0	b009
AFFX-SP-000039	30	48	14	0	b009
AFFX-SP-000040	38	41	13	0	b009
AFFX-SP-000041	44	38	10	0	b009
AFFX-SP-000042	32	40	20	0	b009
AFFX-SP-000043	44	36	12	0	b009
AFFX-SP-000044	34	41	17	0	b009
AFFX-SP-000045	42	37	13	0	b009
AFFX-SP-000046	24	36	32	0	b009
AFFX-SP-000047	15	54	23	0	b009
AFFX-SP-000048	16	49	27	0	b009
AFFX-SP-000049	27	44	20	1	b009
AFFX-SP-000050	19	45	28	0	b009
AFFX-SP-000051	4	38	50	0	b009
AFFX-SP-000052	50	35	5	2	b009
AFFX-SP-000053	11	45	35	1	b009
AFFX-SP-000054	31	46	15	0	b009
AFFX-SP-000055	15	41	36	0	b009
AFFX-SP-000056	25	53	14	0	b009
AFFX-SP-000057	25	47	20	0	b009
AFFX-SP-000058	28	37	27	0	b009
AFFX-SP-000059	13	32	46	1	b009
AFFX-SP-000060	35	47	10	0	b009
AFFX-SP-000061	29	39	24	0	b009
AFFX-SP-000062	29	47	16	0	b009
AFFX-SP-000063	26	38	28	0	b009
AFFX-SP-000064	34	43	15	0	b009
AFFX-SP-000065	16	44	32	0	b009
AFFX-SP-000066	25	48	18	1	b009
AFFX-SP-000067	37	43	12	0	b009
AFFX-SP-000068	10	45	37	0	b009
AFFX-SP-000069	34	45	13	0	b009
AFFX-SP-000070	32	49	11	0	b009
AFFX-SP-000071	49	35	8	0	b009
AFFX-SP-000072	21	42	29	0	b009
AFFX-SP-000073	28	50	14	0	b009
AFFX-SP-000074	43	40	8	1	b009
AFFX-SP-000075	42	37	13	0	b009
AFFX-SP-000076	16	39	37	0	b009
AFFX-SP-000077	33	39	20	0	b009
AFFX-SP-000078	21	41	30	0	b009
AFFX-SP-000079	40	43	9	0	b009
AFFX-SP-000080	28	46	18	0	b009
AFFX-SP-000081	46	41	5	0	b009
AFFX-SP-000082	21	53	18	0	b009
AFFX-SP-000083	47	38	7	0	b009
AX-100002858	60	26	2	4	b009
AX-100003084	13	51	27	1	b009
AX-100003154	58	32	2	0	b009
AX-100003350	25	50	17	0	b009
AX-100003359	15	41	35	1	b009
AX-100003653	75	13	3	1	b009
AX-100003889	40	38	13	1	b009
AX-100004211	82	10	0	0	b009
AX-100004309	62	16	0	14	b009
AX-100004481	22	28	16	0	b009
AX-100004775	6	24	62	0	b009
AX-100006966	1	15	73	3	b009
AX-100007195	5	12	69	6	b009
AX-100007392	3	22	66	1	b009
AX-100007507	4	32	56	0	b009
AX-100007598	55	29	8	0	b009
AX-100007701	2	25	32	33	b009
AFFX-SP-000001	24	52	20	0	b014
AFFX-SP-000002	33	55	8	0	b014
AFFX-SP-000003	21	47	28	0	b014
AFFX-SP-000004	34	36	26	0	b014
AFFX-SP-000005	34	49	13	0	b014
AFFX-SP-000006	32	51	13	0	b014
AFFX-SP-000007	51	31	14	0	b014
AFFX-SP-000008	28	44	24	0	b014
AFFX-SP-000009	16	46	34	0	b014
AFFX-SP-000010	29	46	21	0	b014
AFFX-SP-000011	28	50	18	0	b014
AFFX-SP-000012	15	43	38	0	b014
AFFX-SP-000013	23	52	21	0	b014
AFFX-SP-000014	34	46	16	0	b014
AFFX-SP-000015	16	48	32	0	b014
AFFX-SP-000016	15	53	28	0	b014
AFFX-SP-000017	36	47	12	1	b014
AFFX-SP-000018	30	47	19	0	b014
AFFX-SP-000019	11	42	43	0	b014
AFFX-SP-000020	35	44	17	0	b014
AFFX-SP-000021	25	54	17	0	b014
AFFX-SP-000022	40	39	17	0	b014
AFFX-SP-000023	19	56	21	0	b014
AFFX-SP-000024	24	48	24	0	b014
AFFX-SP-000025	21	41	34	0	b014
AFFX-SP-000026	46	38	12	0	b014
AFFX-SP-000027	6	36	54	0	b014
AFFX-SP-000028	32	44	20	0	b014
AFFX-SP-000029	24	35	37	0	b014
AFFX-SP-000030	11	46	39	0	b014
AFFX-SP-000031	26	44	26	0	b014
AFFX-SP-000032	20	45	31	0	b014
AFFX-SP-000033	20	50	26	0	b014
AFFX-SP-000034	8	42	46	0	b014
AFFX-SP-000035	14	50	32	0	b014
AFFX-SP-000036	32	49	15	0	b014
AFFX-SP-000037	27	50	19	0	b014
AFFX-SP-000038	20	43	33	0	b014
AFFX-SP-000039	34	38	23	1	b014
AFFX-SP-000040	32	47	17	0	b014
AFFX-SP-000041	37	38	21	0	b014
AFFX-SP-000042	34	46	16	0	b014
AFFX-SP-000043	36	44	16	0	b014
AFFX-SP-000044	31	41	24	0	b014
AFFX-SP-000045	38	42	16	0	b014
AFFX-SP-000046	20	54	22	0	b014
AFFX-SP-000047	26	48	22	0	b014
AFFX-SP-000048	27	46	23	0	b014
AFFX-SP-000049	31	50	15	0	b014
AFFX-SP-000050	22	47	27	0	b014
AFFX-SP-000051	6	44	46	0	b014
AFFX-SP-000052	47	35	14	0	b014
AFFX-SP-000053	14	42	40	0	b014
AFFX-SP-000054	28	50	18	0	b014
AFFX-SP-000055	19	43	34	0	b014
AFFX-SP-000056	31	49	15	1	b014
AFFX-SP-000057	20	54	22	0	b014
AFFX-SP-000058	22	44	30	0	b014
AFFX-SP-000059	11	43	42	0	b014
AFFX-SP-000060	25	57	14	0	b014
AFFX-SP-000061	23	50	23	0	b014
AFFX-SP-000062	38	49	9	0	b014
AFFX-SP-000063	22	46	28	0	b014
AFFX-SP-000064	29	41	26	0	b014
AFFX-SP-000065	11	36	49	0	b014
AFFX-SP-000066	19	57	20	0	b014
AFFX-SP-000067	38	42	16	0	b014
AFFX-SP-000068	24	44	28	0	b014
AFFX-SP-000069	39	43	14	0	b014
AFFX-SP-000070	26	51	19	0	b014
AFFX-SP-000071	51	38	7	0	b014
AFFX-SP-000072	24	43	29	0	b014
AFFX-SP-000073	34	41	21	0	b014
AFFX-SP-000074	39	43	14	0	b014
AFFX-SP-000075	47	35	13	1	b014
AFFX-SP-000076	15	46	35	0	b014
AFFX-SP-000077	19	46	31	0	b014
AFFX-SP-000078	27	43	26	0	b014
AFFX-SP-000079	43	44	9	0	b014
AFFX-SP-000080	35	41	20	0	b014
AFFX-SP-000081	34	54	8	0	b014
AFFX-SP-000082	30	41	25	0	b014
AFFX-SP-000083	46	46	4	0	b014
AX-100002858	71	17	3	5	b014
AX-100003084	13	48	35	0	b014
AX-100003154	49	46	1	0	b014
AX-100003350	37	47	12	0	b014
AX-100003359	19	40	37	0	b014
AX-100003653	82	11	3	0	b014
AX-100003889	42	43	9	2	b014
AX-100004211	86	10	0	0	b014
AX-100004309	96	0	0	0	b014
AX-100004481	29	30	10	0	b014
AX-100004775	0	27	68	1	b014
AX-100006966	0	13	82	1	b014
AX-100007195	3	21	71	1	b014
AX-100007392	1	28	67	0	b014
AX-100007507	3	32	61	0	b014
AX-100007598	54	35	7	0	b014
AX-100007701	4	38	54	0	b014
AFFX-SP-000001	23	51	21	0	b024
AFFX-SP-000002	44	37	14	0	b024
AFFX-SP-000003	22	43	30	0	b024
AFFX-SP-000004	27	53	15	0	b024
AFFX-SP-000005	33	49	13	0	b024
AFFX-SP-000006	34	47	14	0	b024
AFFX-SP-000007	44	41	10	0	b024
AFFX-SP-000008	35	46	14	0	b024
AFFX-SP-000009	17	47	31	0	b024
AFFX-SP-000010	27	41	27	0	b024
AFFX-SP-000011	27	45	23	0	b024
AFFX-SP-000012	12	43	40	0	b024
AFFX-SP-000013	28	48	19	0	b024
AFFX-SP-000014	34	42	19	0	b024
AFFX-SP-000015	14	49	32	0	b024
AFFX-SP-000016	22	40	33	0	b024
AFFX-SP-000017	28	51	15	1	b024
AFFX-SP-000018	40	44	11	0	b024
AFFX-SP-000019	12	41	42	0	b024
AFFX-SP-000020	28	49	18	0	b024
AFFX-SP-000021	35	49	11	0	b024
AFFX-SP-000022	37	46	12	0	b024
AFFX-SP-000023	15	49	31	0	b024
AFFX-SP-000024	24	46	25	0	b024
AFFX-SP-000025	23	44	28	0	b024
AFFX-SP-000026	46	39	10	0	b024
AFFX-SP-000027	8	27	60	0	b024
AFFX-SP-000028	34	48	13	0	b024
AFFX-SP-000029	16	48	31	0	b024
AFFX-SP-000030	13	46	36	0	b024
AFFX-SP-000031	18	49	28	0	b024
AFFX-SP-000032	28	43	23	1	b024
AFFX-SP-000033	30	49	16	0	b024
AFFX-SP-000034	12	45	38	0	b024
AFFX-SP-000035	17	37	41	0	b024
AFFX-SP-000036	34	54	7	0	b024
AFFX-SP-000037	28	48	19	0	b024
AFFX-SP-000038	27	46	22	0	b024
AFFX-SP-000039	29	39	27	0	b024
AFFX-SP-000040	37	49	9	0	b024
AFFX-SP-000041	35	41	19	0	b024
AFFX-SP-000042	38	44	13	0	b024
AFFX-SP-000043	33	46	16	0	b024
AFFX-SP-000044	25	54	16	0	b024
AFFX-SP-000045	38	39	18	0	b024
AFFX-SP-000046	20	51	24	0	b024
AFFX-SP-000047	27	46	22	0	b024
AFFX-SP-000048	13	43	39	0	b024
AFFX-SP-000049	41	44	10	0	b024
AFFX-SP-000050	34	42	19	0	b024
AFFX-SP-000051	14	41	40	0	b024
AFFX-SP-000052	53	40	2	0	b024
AFFX-SP-000053	13	45	37	0	b024
AFFX-SP-000054	25	47	22	1	b024
AFFX-SP-000055	14	43	38	0	b024
AFFX-SP-000056	33	47	15	0	b024
AFFX-SP-000057	22	39	34	0	b024
AFFX-SP-000058	22	52	21	0	b024
AFFX-SP-000059	6	35	54	0	b024
AFFX-SP-000060	34	45	16	0	b024
AFFX-SP-000061	20	49	26	0	b024
AFFX-SP-000062	22	49	24	0	b024
AFFX-SP-000063	22	40	33	0	b024
AFFX-SP-000064	29	40	26	0	b024
AFFX-SP-000065	11	46	38	0	b024
AFFX-SP-000066	24	46	24	1	b024
AFFX-SP-000067	39	39	17	0	b024
AFFX-SP-000068	15	48	32	0	b024
AFFX-SP-000069	26	52	17	0	b024
AFFX-SP-000070	30	55	10	0	b024
AFFX-SP-000071	48	40	7	0	b024
AFFX-SP-000072	23	41	31	0	b024
AFFX-SP-000073	24	45	26	0	b024
AFFX-SP-000074	49	38	8	0	b024
AFFX-SP-000075	58	30	7	0	b024
AFFX-SP-000076	10	49	36	0	b024
AFFX-SP-000077	27	48	20	0	b024
AFFX-SP-000078	16	52	27	0	b024
AFFX-SP-000079	39	45	11	0	b024
AFFX-SP-000080	33	43	19	0	b024
AFFX-SP-000081	47	36	12	0	b024
AFFX-SP-000082	28	50	17	0	b024
AFFX-SP-000083	54	28	13	0	b024
AX-100002858	64	26	5	0	b024
AX-100003084	20	37	38	0	b024
AX-100003154	55	38	2	0	b024
AX-100003350	27	56	12	0	b024
AX-100003359	16	40	39	0	b024
AX-100003653	78	16	1	0	b024
AX-100003889	36	51	8	0	b024
AX-100004211	80	14	1	0	b024
AX-100004309	95	0	0	0	b024
AX-100004481	25	31	4	0	b024
AX-100004775	2	33	60	0	b024
AX-100006966	1	18	75	1	b024
AX-100007195	0	14	81	0	b024
AX-100007392	2	20	73	0	b024
AX-100007507	11	30	54	0	b024
AX-100007598	58	32	5	0	b024
AX-100007701	6	34	55	0	b024
AFFX-SP-000001	21	35	13	0	b019
AFFX-SP-000002	17	41	11	0	b019
AFFX-SP-000003	13	33	23	0	b019
AFFX-SP-000004	15	36	18	0	b019
AFFX-SP-000005	32	27	10	0	b019
AFFX-SP-000006	26	36	7	0	b019
AFFX-SP-000007	29	29	11	0	b019
AFFX-SP-000008	20	30	14	5	b019
AFFX-SP-000009	10	30	28	1	b019
AFFX-SP-000010	16	40	13	0	b019
AFFX-SP-000011	28	28	13	0	b019
AFFX-SP-000012	14	28	27	0	b019
AFFX-SP-000013	23	29	16	1	b019
AFFX-SP-000014	29	32	8	0	b019
AFFX-SP-000015	12	31	26	0	b019
AFFX-SP-000016	10	36	23	0	b019
AFFX-SP-000017	33	26	7	3	b019
AFFX-SP-000018	27	35	7	0	b019
AFFX-SP-000019	4	33	32	0	b019
AFFX-SP-000020	18	36	15	0	b019
AFFX-SP-000021	22	34	13	0	b019
AFFX-SP-000022	22	32	14	1	b019
AFFX-SP-000023	15	35	19	0	b019
AFFX-SP-000024	18	38	12	1	b019
AFFX-SP-000025	14	30	25	0	b019
AFFX-SP-000026	26	29	14	0	b019
AFFX-SP-000027	5	23	41	0	b019
AFFX-SP-000028	23	38	8	0	b019
AFFX-SP-000029	16	35	18	0	b019
AFFX-SP-000030	10	30	29	0	b019
AFFX-SP-000031	15	24	29	1	b019
AFFX-SP-000032	15	36	18	0	b019
AFFX-SP-000033	19	33	17	0	b019
AFFX-SP-000034	12	30	27	0	b019
AFFX-SP-000035	12	33	24	0	b019
AFFX-SP-000036	27	35	7	0	b019
AFFX-SP-000037	25	32	12	0	b019
AFFX-SP-000038	11	32	26	0	b019
AFFX-SP-000039	16	31	21	1	b019
AFFX-SP-000040	21	39	9	0	b019
AFFX-SP-000041	23	35	11	0	b019
AFFX-SP-000042	28	30	11	0	b019
AFFX-SP-000043	23	34	12	0	b019
AFFX-SP-000044	23	32	14	0	b019
AFFX-SP-000045	24	37	8	0	b019
AFFX-SP-000046	19	32	18	0	b019
AFFX-SP-000047	18	42	9	0	b019
AFFX-SP-000048	15	30	24	0	b019
AFFX-SP-000049	30	27	12	0	b019
AFFX-SP-000050	22	32	12	3	b019
AFFX-SP-000051	5	28	36	0	b019
AFFX-SP-000052	29	21	10	9	b019
AFFX-SP-000053	5	27	37	0	b019
AFFX-SP-000054	26	28	15	0	b019
AFFX-SP-000055	5	44	20	0	b019
AFFX-SP-000056	26	36	7	0	b019
AFFX-SP-000057	17	32	19	1	b019
AFFX-SP-000058	12	37	20	0	b019
AFFX-SP-000059	4	34	31	0	b019
AFFX-SP-000060	20	38	11	0	b019
AFFX-SP-000061	11	37	21	0	b019
AFFX-SP-000062	20	37	12	0	b019
AFFX-SP-000063	19	36	14	0	b019
AFFX-SP-000064	18	35	16	0	b019
AFFX-SP-000065	13	38	17	1	b019
AFFX-SP-000066	17	37	14	1	b019
AFFX-SP-000067	28	31	10	0	b019
AFFX-SP-000068	13	36	20	0	b019
AFFX-SP-000069	20	38	11	0	b019
AFFX-SP-000070	28	28	13	0	b019
AFFX-SP-000071	38	23	8	0	b019
AFFX-SP-000072	16	32	21	0	b019
AFFX-SP-000073	27	31	11	0	b019
AFFX-SP-000074	30	33	6	0	b019
AFFX-SP-000075	39	26	4	0	b019
AFFX-SP-000076	9	40	20	0	b019
AFFX-SP-000077	18	31	20	0	b019
AFFX-SP-000078	22	30	17	0	b019
AFFX-SP-000079	30	31	7	1	b019
AFFX-SP-000080	28	29	12	0	b019
AFFX-SP-000081	38	25	6	0	b019
AFFX-SP-000082	16	39	14	0	b019
AFFX-SP-000083	34	26	9	0	b019
AX-100002858	51	17	1	0	b019
AX-100003084	5	34	30	0	b019
AX-100003154	40	25	4	0	b019
AX-100003350	25	31	12	1	b019
AX-100003359	8	29	32	0	b019
AX-100003653	56	11	2	0	b019
AX-100003889	29	29	11	0	b019
AX-100004211	57	11	0	1	b019
AX-100004309	69	0	0	0	b019
AX-100004481	11	26	9	0	b019
AX-100004775	0	17	52	0	b019
AX-100006966	0	11	58	0	b019
AX-100007195	0	11	53	5	b019
AX-100007392	0	22	47	0	b019
AX-100007507	4	24	41	0	b019
AX-100007598	43	21	5	0	b019
AX-100007701	2	9	12	46	b019
AFFX-SP-000001	22	52	21	0	b028
AFFX-SP-000002	33	44	18	0	b028
AFFX-SP-000003	27	46	22	0	b028
AFFX-SP-000004	28	51	16	0	b028
AFFX-SP-000005	37	42	16	0	b028
AFFX-SP-000006	45	39	11	0	b028
AFFX-SP-000007	42	45	8	0	b028
AFFX-SP-000008	31	49	15	0	b028
AFFX-SP-000009	14	43	38	0	b028
AFFX-SP-000010	35	45	15	0	b028
AFFX-SP-000011	27	55	13	0	b028
AFFX-SP-000012	19	32	43	1	b028
AFFX-SP-000013	20	46	29	0	b028
AFFX-SP-000014	35	46	13	1	b028
AFFX-SP-000015	19	42	33	1	b028
AFFX-SP-000016	16	41	38	0	b028
AFFX-SP-000017	33	48	14	0	b028
AFFX-SP-000018	42	42	11	0	b028
AFFX-SP-000019	7	45	43	0	b028
AFFX-SP-000020	30	38	27	0	b028
AFFX-SP-000021	30	41	24	0	b028
AFFX-SP-000022	42	40	13	0	b028
AFFX-SP-000023	23	48	24	0	b028
AFFX-SP-000024	24	45	26	0	b028
AFFX-SP-000025	20	42	33	0	b028
AFFX-SP-000026	42	47	6	0	b028
AFFX-SP-000027	7	37	51	0	b028
AFFX-SP-000028	33	52	10	0	b028
AFFX-SP-000029	22	43	30	0	b028
AFFX-SP-000030	12	47	36	0	b028
AFFX-SP-000031	20	55	20	0	b028
AFFX-SP-000032	22	49	24	0	b028
AFFX-SP-000033	31	48	16	0	b028
AFFX-SP-000034	12	43	40	0	b028
AFFX-SP-000035	13	43	39	0	b028
AFFX-SP-000036	37	45	13	0	b028
AFFX-SP-000037	32	44	19	0	b028
AFFX-SP-000038	28	42	25	0	b028
AFFX-SP-000039	22	47	26	0	b028
AFFX-SP-000040	35	41	19	0	b028
AFFX-SP-000041	45	40	10	0	b028
AFFX-SP-000042	39	45	11	0	b028
AFFX-SP-000043	28	46	21	0	b028
AFFX-SP-000044	33	47	15	0	b028
AFFX-SP-000045	31	43	21	0	b028
AFFX-SP-000046	27	47	21	0	b028
AFFX-SP-000047	26	52	17	0	b028
AFFX-SP-000048	18	49	28	0	b028
AFFX-SP-000049	36	50	9	0	b028
AFFX-SP-000050	20	53	22	0	b028
AFFX-SP-000051	5	46	44	0	b028
AFFX-SP-000052	43	41	11	0	b028
AFFX-SP-000053	11	51	33	0	b028
AFFX-SP-000054	26	55	14	0	b028
AFFX-SP-000055	7	50	38	0	b028
AFFX-SP-000056	39	48	8	0	b028
AFFX-SP-000057	28	45	22	0	b028
AFFX-SP-000058	19	49	27	0	b028
AFFX-SP-000059	8	43	44	0	b028
AFFX-SP-000060	26	49	20	0	b028
AFFX-SP-000061	26	39	30	0	b028
AFFX-SP-000062	38	38	19	0	b028
AFFX-SP-000063	26	40	29	0	b028
AFFX-SP-000064	27	50	18	0	b028
AFFX-SP-000065	21	51	23	0	b028
AFFX-SP-000066	18	55	22	0	b028
AFFX-SP-000067	29	51	15	0	b028
AFFX-SP-000068	19	44	32	0	b028
AFFX-SP-000069	29	41	25	0	b028
AFFX-SP-000070	28	48	19	0	b028
AFFX-SP-000071	56	35	4	0	b028
AFFX-SP-000072	18	52	25	0	b028
AFFX-SP-000073	30	47	18	0	b028
AFFX-SP-000074	42	41	12	0	b028
AFFX-SP-000075	48	43	4	0	b028
AFFX-SP-000076	14	49	32	0	b028
AFFX-SP-000077	25	45	25	0	b028
AFFX-SP-000078	26	41	28	0	b028
AFFX-SP-000079	40	44	11	0	b028
AFFX-SP-000080	29	45	21	0	b028
AFFX-SP-000081	51	33	11	0	b028
AFFX-SP-000082	25	46	24	0	b028
AFFX-SP-000083	44	40	11	0	b028
AX-100002858	59	28	5	3	b028
AX-100003084	17	43	34	1	b028
AX-100003154	66	26	3	0	b028
AX-100003350	30	44	21	0	b028
AX-100003359	16	41	38	0	b028
AX-100003653	74	21	0	0	b028
AX-100003889	31	46	18	0	b028
AX-100004211	86	8	0	1	b028
AX-100004309	95	0	0	0	b028
AX-100004481	20	29	11	0	b028
AX-100004775	1	30	63	1	b028
AX-100006966	1	16	77	1	b028
AX-100007195	0	18	76	1	b028
AX-100007392	1	28	66	0	b028
AX-100007507	6	39	50	0	b028
AX-100007598	57	33	5	0	b028
AX-100007701	5	38	52	0	b028
AFFX-SP-000001	24	51	21	0	b023
AFFX-SP-000002	30	47	19	0	b023
AFFX-SP-000003	17	53	26	0	b023
AFFX-SP-000004	21	52	23	0	b023
AFFX-SP-000005	43	37	16	0	b023
AFFX-SP-000006	39	45	12	0	b023
AFFX-SP-000007	37	44	15	0	b023
AFFX-SP-000008	38	48	10	0	b023
AFFX-SP-000009	17	35	44	0	b023
AFFX-SP-000010	20	50	26	0	b023
AFFX-SP-000011	32	50	14	0	b023
AFFX-SP-000012	13	49	34	0	b023
AFFX-SP-000013	20	49	27	0	b023
AFFX-SP-000014	33	46	17	0	b023
AFFX-SP-000015	16	49	30	1	b023
AFFX-SP-000016	10	43	43	0	b023
AFFX-SP-000017	43	40	13	0	b023
AFFX-SP-000018	41	42	13	0	b023
AFFX-SP-000019	10	42	44	0	b023
AFFX-SP-000020	31	39	26	0	b023
AFFX-SP-000021	25	46	25	0	b023
AFFX-SP-000022	40	42	14	0	b023
AFFX-SP-000023	18	46	32	0	b023
AFFX-SP-000024	28	47	21	0	b023
AFFX-SP-000025	18	47	31	0	b023
AFFX-SP-000026	44	37	15	0	b023
AFFX-SP-000027	10	33	53	0	b023
AFFX-SP-000028	40	43	13	0	b023
AFFX-SP-000029	21	49	26	0	b023
AFFX-SP-000030	16	40	40	0	b023
AFFX-SP-000031	14	46	36	0	b023
AFFX-SP-000032	27	46	23	0	b023
AFFX-SP-000033	20	56	20	0	b023
AFFX-SP-000034	9	49	38	0	b023
AFFX-SP-000035	17	45	34	0	b023
AFFX-SP-000036	38	44	13	1	b023
AFFX-SP-000037	33	39	24	0	b023
AFFX-SP-000038	12	53	31	0	b023
AFFX-SP-000039	23	47	26	0	b023
AFFX-SP-000040	42	43	11	0	b023
AFFX-SP-000041	33	48	15	0	b023
AFFX-SP-000042	35	44	17	0	b023
AFFX-SP-000043	27	47	22	0	b023
AFFX-SP-000044	26	50	20	0	b023
AFFX-SP-000045	30	53	12	1	b023
AFFX-SP-000046	28	36	31	1	b023
AFFX-SP-000047	18	47	31	0	b023
AFFX-SP-000048	22	51	23	0	b023
AFFX-SP-000049	45	32	19	0	b023
AFFX-SP-000050	22	48	26	0	b023
AFFX-SP-000051	5	39	52	0	b023
AFFX-SP-000052	47	38	11	0	b023
AFFX-SP-000053	14	42	40	0	b023
AFFX-SP-000054	25	52	18	1	b023
AFFX-SP-000055	22	43	31	0	b023
AFFX-SP-000056	37	45	14	0	b023
AFFX-SP-000057	26	52	18	0	b023
AFFX-SP-000058	31	48	17	0	b023
AFFX-SP-000059	8	32	56	0	b023
AFFX-SP-000060	34	40	22	0	b023
AFFX-SP-000061	20	42	34	0	b023
AFFX-SP-000062	33	44	19	0	b023
AFFX-SP-000063	24	45	27	0	b023
AFFX-SP-000064	22	49	25	0	b023
AFFX-SP-000065	14	51	31	0	b023
AFFX-SP-000066	29	48	19	0	b023
AFFX-SP-000067	40	42	14	0	b023
AFFX-SP-000068	19	43	34	0	b023
AFFX-SP-000069	32	44	20	0	b023
AFFX-SP-000070	29	48	19	0	b023
AFFX-SP-000071	66	27	3	0	b023
AFFX-SP-000072	21	53	21	1	b023
AFFX-SP-000073	31	50	15	0	b023
AFFX-SP-000074	49	37	10	0	b023
AFFX-SP-000075	50	39	7	0	b023
AFFX-SP-000076	13	42	41	0	b023
AFFX-SP-000077	27	39	30	0	b023
AFFX-SP-000078	25	38	33	0	b023
AFFX-SP-000079	43	48	4	1	b023
AFFX-SP-000080	32	48	16	0	b023
AFFX-SP-000081	48	38	10	0	b023
AFFX-SP-000082	29	54	13	0	b023
AFFX-SP-000083	53	36	7	0	b023
AX-100002858	58	26	6	6	b023
AX-100003084	22	36	38	0	b023
AX-100003154	55	35	6	0	b023
AX-100003350	23	51	22	0	b023
AX-100003359	14	38	44	0	b023
AX-100003653	86	10	0	0	b023
AX-100003889	36	47	12	1	b023
AX-100004211	80	16	0	0	b023
AX-100004309	92	0	0	4	b023
AX-100004481	21	35	15	0	b023
AX-100004775	5	26	64	1	b023
AX-100006966	0	11	81	4	b023
AX-100007195	1	32	62	1	b023
AX-100007392	0	25	71	0	b023
AX-100007507	6	29	60	1	b023
AX-100007598	51	36	9	0	b023
AX-100007701	11	29	56	0	b023
